Fuel_Temperature_K,Cladding_Temperature_K,Moderator_Temperature_K,Moderator_Density_gcc,Boron_ppm,CR_Step,K_eff,standard_deviation,Compute_Time_sec,RFR_Predicted_K_eff,RFR_Error_pcm,RFR_Compute_Time_sec,XGB_Predicted_K_eff,XGB_Error_pcm,XGB_Compute_Time_sec
1068.440066910414,572.869699616484,564.4006526180078,0.73915,561.0244399763701,56,0.9778233840357088,0.0007665400337165,50.99,0.986263159799844,843.9775764135238,9.184850001474843e-05,0.98179877,397.53840078092793,4.749200001242571e-05
872.0998857172926,622.1946598602751,500.90702481769966,0.83927,413.5571656871616,154,1.106397150465918,0.0008029984298984,59.01,1.1060834644666628,31.36859992551866,9.184850001474843e-05,1.108372,197.48225718017042,4.749200001242571e-05
839.5382014629553,674.3809805161414,514.2499922834189,0.82136,6.929087000426341,106,1.1544783046471,0.0007061310625021,61.22,1.14975146402581,472.684062129014,9.184850001474843e-05,1.1537538,72.45471702934658,4.749200001242571e-05
883.9843183001612,613.9488515177973,532.5300003032751,0.79456,268.56979237541543,133,1.1155527893238055,0.0007975299682722,61.11,1.1259552740431862,1040.2484719380657,9.184850001474843e-05,1.1177671,221.43062419903714,4.749200001242571e-05
846.258222691861,528.4339733049268,581.2338905220071,0.70284,769.688922756679,21,0.8935606874170041,0.0008007491925881,62.3,0.900538360000426,697.7672583421856,9.184850001474843e-05,0.89255923,100.14570893979169,4.749200001242571e-05
504.85723289411584,651.8185897359132,553.6216712518782,0.75943,339.5680136844451,207,1.12802713769924,0.0007582075795159,61.9,1.1167224840735164,1130.4653625723527,9.184850001474843e-05,1.1235275,449.9610843771151,4.749200001242571e-05
959.4292055182888,631.9996270304121,586.4537839933857,0.68998,777.5399061456144,209,1.042221848661136,0.0007937766793214,61.85,1.0467809077489987,455.90590878625824,9.184850001474843e-05,1.0429527,73.0808084774548,4.749200001242571e-05
650.6427225358508,539.6863791121451,595.4968472857067,0.66511,701.1373116066899,74,0.9860563771693852,0.0007675188620769,63.03,1.0013629132144053,1530.653604502008,9.184850001474843e-05,0.9859784,7.7952620282428775,4.749200001242571e-05
1195.8880088595956,663.0884704536434,580.5172204195886,0.70453,248.80159052213435,65,1.0258180289394936,0.0007607032312182,62.89,1.037961400289951,1214.337135045751,9.184850001474843e-05,1.023061,275.6991875894954,4.749200001242571e-05
964.2968760626218,552.956871877713,544.4238302985045,0.7754,515.3462983939069,3,0.937489875788558,0.0007318529881222,60.03,0.9441742864905975,668.4410702039512,9.184850001474843e-05,0.93815696,66.70866061563308,4.749200001242571e-05
587.7563367134045,623.0731826240359,555.9299228399572,0.75525,804.8544798609407,222,1.056976600092178,0.0007833943989046,59.51,1.0528703564481798,410.6243643998253,9.184850001474843e-05,1.0565532,42.33555014188095,4.749200001242571e-05
927.1497624446886,675.395212359183,546.4424927070478,0.77199,201.9047122762062,97,1.1001919090532262,0.0007876210559842,61.95,1.100051936977622,13.997207560412228,9.184850001474843e-05,1.098377,181.49196886021457,4.749200001242571e-05
648.5428495917129,612.2505317456469,570.4267090899674,0.7269,281.0650278930804,21,0.9508706442382406,0.0007390524217519,62.0,0.9554684793275894,459.78350893487453,9.184850001474843e-05,0.9509253,5.464634632357246,4.749200001242571e-05
1192.9190479885249,525.6165035162376,557.3468033505135,0.75263,195.87266969237064,130,1.1121841014524445,0.0007914547092138,61.63,1.1217793307462591,959.5229293814622,9.184850001474843e-05,1.1134918,130.76721529021728,4.749200001242571e-05
580.8522451167445,696.5672824789301,537.4286665864277,0.78685,434.4361481893646,90,1.0702907281255327,0.00071977020096,60.51,1.0608923832370083,939.8344888524424,9.184850001474843e-05,1.0670006,329.01006078325247,4.749200001242571e-05
660.7833548818134,576.4462943341241,554.1326893543613,0.75851,1062.327745619236,112,0.9933741538413164,0.0007064696617489,59.98,0.9859678324147119,740.6321426604578,9.184850001474843e-05,0.990675,269.91813071367557,4.749200001242571e-05
821.5107341845041,650.6671159495608,570.5319830730923,0.72668,602.8768330944782,196,1.0727171664396695,0.0006891120256489,62.2,1.0719292598160024,78.79066236671228,9.184850001474843e-05,1.0706761,204.107810653964,4.749200001242571e-05
891.6584349183169,673.6983231143108,597.1573134890658,0.66009,95.28272082727368,198,1.1314063086483122,0.0007899027386359,64.79,1.1384232859293584,701.6977281046221,9.184850001474843e-05,1.1339204,251.41224887728075,4.749200001242571e-05
1170.0633743204005,506.0708435529788,593.2485834150535,0.67166,1156.3740921909682,242,0.995348327692004,0.0007601758490745,62.45,0.9959835207722557,63.519308025172805,9.184850001474843e-05,0.99457735,77.09794597346998,4.749200001242571e-05
937.1648654326932,571.6432236100479,512.3440842200004,0.824,858.3095595226148,183,1.0388617270207503,0.0007445931812841,58.89,1.0375419554482301,131.97715725201675,9.184850001474843e-05,1.0364026,245.9143898496885,4.749200001242571e-05
1110.387125167666,546.3754963925065,527.1213609379454,0.8028,848.6162117746686,1,0.90810921840814,0.0007476721872004,59.36,0.9157017634866013,759.2545078461299,9.184850001474843e-05,0.9099492,183.9965055910331,4.749200001242571e-05
1046.6905078222112,524.7917976170633,587.1082156304337,0.6883,1025.700296001953,149,0.9976978723513984,0.0006855804396011,62.15,1.0009015914106272,320.3719059228782,9.184850001474843e-05,0.9995442,184.6330930004192,4.749200001242571e-05
782.172084669745,601.5603456221064,592.2968101138516,0.67436,374.1261528091379,53,0.979941087052917,0.0007670529443983,63.86,0.9880725665086761,813.1479455759094,9.184850001474843e-05,0.984894,495.2890589142278,4.749200001242571e-05
771.5232812749939,578.7870334917723,527.6255554413385,0.80204,1052.7134863818412,99,0.9866705121602816,0.0007649126235579,58.48,0.9765192817221355,1015.1230438146031,9.184850001474843e-05,0.982739,393.15404500764873,4.749200001242571e-05
917.969866738619,658.1658458861673,543.9021423291665,0.77627,617.1015695428425,93,1.0332731780732998,0.0006602540990805,60.75,1.0297521329351553,352.1045138144441,9.184850001474843e-05,1.0342847,101.15328107944688,4.749200001242571e-05
750.0035100769968,671.3580401643195,594.78103590599,0.66723,83.18401721123777,153,1.128376508417646,0.000815444059856,64.9,1.1348872341443588,651.0725726712741,9.184850001474843e-05,1.1302141,183.7586698015592,4.749200001242571e-05
817.4510675601957,630.1165419337515,553.3346205408791,0.75995,1131.3926555181092,33,0.8848035136394995,0.0006840071227063,60.0,0.882711610772676,209.19028668234807,9.184850001474843e-05,0.8855138,71.02688617212083,4.749200001242571e-05
953.5450244182372,646.8394426468735,538.7999426580486,0.78465,477.4016222901005,156,1.0842356878351394,0.0007799197786902,61.14,1.092411915436023,817.6227600883657,9.184850001474843e-05,1.0869176,268.19509435471736,4.749200001242571e-05
828.3293989362518,585.1316362742728,598.1622240059253,0.65696,941.769470413478,213,1.0232003476965246,0.0007092190165623,63.26,1.0242994654960713,109.9117799546745,9.184850001474843e-05,1.0250357,183.53912484827538,4.749200001242571e-05
846.7815528928525,655.2186195898084,532.1853450370515,0.79509,1083.7831740825852,126,0.9947496936022648,0.0006796042984979,59.29,0.9874609806414985,728.8712960766386,9.184850001474843e-05,0.9905023,424.73957239994587,4.749200001242571e-05
1038.602873488392,592.1052594725023,561.088026027128,0.74559,396.82657724598704,56,1.0014237196040516,0.0006966424885461,61.64,0.9998162160424066,160.7503561645074,9.184850001474843e-05,1.0050464,362.264804121204,4.749200001242571e-05
622.501963634043,595.3935575162752,506.8581572792941,0.83144,361.55007388502304,204,1.1296393656855772,0.0007478813227123,59.55,1.119136271858906,1050.309382667125,9.184850001474843e-05,1.1254776,416.1813271636783,4.749200001242571e-05
812.1903128755096,693.9134451751775,580.3175087979448,0.705,607.1750996611531,201,1.0698364144655066,0.0007739185529592,62.91,1.0713927132238914,155.6298758384811,9.184850001474843e-05,1.0670367,279.9666533072509,4.749200001242571e-05
1130.922714892528,514.5573249177496,558.1317825515007,0.75117,1091.9768840583006,64,0.9338391522430262,0.0007813972662852,60.47,0.9411223857832164,728.3233540190226,9.184850001474843e-05,0.9397412,590.2042005173303,4.749200001242571e-05
1197.1730091222594,527.9356864506212,512.9199643142351,0.82321,264.0461484913492,37,0.9899323339368,0.000788717575479,59.76,0.9796675489559626,1026.4784980837383,9.184850001474843e-05,0.9897187,21.365832339670376,4.749200001242571e-05
769.3824138486243,574.5316565948607,536.1135669622628,0.78895,507.4930123111041,17,0.9458252771608888,0.0007699517384942,60.29,0.9543799290572056,855.4651896316767,9.184850001474843e-05,0.94820964,238.43662030638146,4.749200001242571e-05
991.6988462479294,561.9321516205259,530.0864750525316,0.79832,453.3015339996097,11,0.9489565287321008,0.0008169006891402,58.12,0.9589319560760895,997.5427343988707,9.184850001474843e-05,0.956723,776.6446045120889,4.749200001242571e-05
974.8044210391416,639.3132382644599,511.3944288169663,0.82531,166.88225845232924,48,1.0375657785797654,0.000729833905738,60.19,1.031859943599355,570.583498041044,9.184850001474843e-05,1.0379024,33.65766143264004,4.749200001242571e-05
1167.9598926459166,603.8270075364021,542.1450285145437,0.77919,665.8464168520951,15,0.9194156514098302,0.0007664265949023,60.08,0.9263377477035245,692.2096293694335,9.184850001474843e-05,0.91905135,36.43022467747503,4.749200001242571e-05
1055.9956914334016,519.7356330913052,575.7772312014006,0.71536,780.5876591207477,142,1.0284185680144058,0.0007620562790895,62.21,1.0347535482020624,633.4980187656658,9.184850001474843e-05,1.0260736,234.49929945693614,4.749200001242571e-05
1178.34922459517,683.8024126341379,578.8413237105644,0.70843,501.18572774557686,217,1.0801994360331937,0.0007137182975967,62.87,1.0836520744214682,345.2638388274476,9.184850001474843e-05,1.0828705,267.10473652438174,4.749200001242571e-05
697.0382439993742,668.6983912219903,584.6995205910629,0.69441,135.20713037901504,115,1.109280534972829,0.0008099450183016,63.96,1.1204293668548864,1114.8831882057398,9.184850001474843e-05,1.1143183,503.7716636973277,4.749200001242571e-05
761.3057159398098,551.4436147547749,510.5677039405937,0.82643,721.4233756031958,191,1.0623636718422262,0.0008234346126023,59.13,1.0627963973644976,43.272552227135996,9.184850001474843e-05,1.0661594,379.56957191140896,4.749200001242571e-05
718.9204330364865,533.9514119990523,505.8956716618512,0.83272,314.212138478405,104,1.1022125411771977,0.0007480065240927,59.88,1.1032724629558954,105.99217786977366,9.184850001474843e-05,1.104562,234.95029664790667,4.749200001242571e-05
834.4812149688121,688.3127194748874,554.5529175154561,0.75775,426.5988000010801,107,1.0728668558914978,0.0008449672195355,61.7,1.0708815448006141,198.53110908836237,9.184850001474843e-05,1.0711384,172.847393348996,4.749200001242571e-05
1134.441941172292,667.6529733521222,547.0348612284629,0.77098,377.07526324982166,173,1.0995976212315142,0.0007519447329207,61.42,1.1030080621223979,341.0440890883715,9.184850001474843e-05,1.1011738,157.6137275260736,4.749200001242571e-05
710.5899163010001,686.1061732814314,551.367646489557,0.76345,1015.8692669229804,210,1.023100114959791,0.0006742220240185,60.14,1.0238267256015627,72.66106417718188,9.184850001474843e-05,1.0251838,208.36819228384763,4.749200001242571e-05
656.8673899303411,633.4746607294321,549.6937336252034,0.76639,892.8654987385914,34,0.9128252592964334,0.0007010549191217,60.03,0.9025219250803237,1030.3334216109738,9.184850001474843e-05,0.9146063,178.10138778524555,4.749200001242571e-05
1128.871681143782,624.7823949736625,572.4581435593335,0.7226,1073.230050805011,45,0.8949044214900741,0.0007519476242995,61.21,0.898373314031808,346.8892541733881,9.184850001474843e-05,0.8942098,69.46193393477796,4.749200001242571e-05
632.585684336135,689.4108255410707,582.8427855891674,0.69897,327.76373216152825,97,1.0709829516299991,0.0007831462011024,63.36,1.07146401705006,48.10654200608777,9.184850001474843e-05,1.0671287,385.429333532139,4.749200001242571e-05
1076.4592679160655,520.368240679571,560.1433603231035,0.74739,638.0511414749891,120,1.0401967113478052,0.000779698532961,61.3,1.0475163300608705,731.9618713065302,9.184850001474843e-05,1.0423032,210.6493188632763,4.749200001242571e-05
914.7740400103172,641.2506746623549,534.914160755502,0.79084,1117.4648774802024,20,0.8842792162863498,0.0007543914383735,59.5,0.8832283111387349,105.09051476148557,9.184850001474843e-05,0.8858051,152.58541138882808,4.749200001242571e-05
1032.0054089684377,636.2884004310654,533.6621667980604,0.7928,138.2353756764543,181,1.1474773495596324,0.0007643745783329,61.63,1.1485741853210703,109.68357614378199,9.184850001474843e-05,1.1481667,68.93069345081938,4.749200001242571e-05
909.2450933140066,521.1834155418358,525.7241888545051,0.80488,659.6617280940679,62,0.9956866974294328,0.0007328658186963,59.73,0.9815038832314745,1418.2814197958305,9.184850001474843e-05,0.99630976,62.30598032331835,4.749200001242571e-05
1182.6529807235947,598.3036729801028,539.2666099024514,0.7839,62.11973860139142,246,1.165848456121861,0.0007955681905504,61.84,1.1631501502722092,269.8305849651694,9.184850001474843e-05,1.165989,14.058520656923257,4.749200001242571e-05
609.2063778037605,627.110651646339,574.5893274022641,0.71798,1205.196956129829,161,0.9927587977299864,0.0007365870603283,61.28,0.9945864315993284,182.76338693419268,9.184850001474843e-05,0.99364996,89.11618342225536,4.749200001242571e-05
1016.9815314192896,545.5674417976946,523.0024802322876,0.80889,464.1785125212867,141,1.0839823655243594,0.0007215942069382,60.41,1.0927578152270063,877.5449702646875,9.184850001474843e-05,1.085417,143.4666717461841,4.749200001242571e-05
892.166063578921,644.0475870717976,565.1939152084107,0.73758,1120.6819211330935,66,0.935757111584452,0.0006839546809856,60.81,0.9448447275743529,908.7615989900933,9.184850001474843e-05,0.94047356,471.6444934102726,4.749200001242571e-05
621.5275224160551,593.1181702583382,502.3399835578471,0.83741,42.65871624706092,27,1.0229211770782287,0.0008043840153067,59.59,1.0153755119312315,754.5665146997171,9.184850001474843e-05,1.0226586,26.259057615352077,4.749200001242571e-05
1115.8853167210932,618.6147518858711,573.3227387846135,0.72074,1148.4076236739502,238,0.999035046633624,0.0007411547930903,61.64,0.998733877684848,30.1168948775965,9.184850001474843e-05,0.9986329,40.21387661923281,4.749200001242571e-05
940.1507759905626,548.4168059012202,531.9357057037837,0.79548,945.3886570829018,171,1.0233263024936934,0.0007395795603486,59.88,1.0245098411701907,118.35386764973421,9.184850001474843e-05,1.0241442,81.78701747636464,4.749200001242571e-05
564.8780755223617,532.9757908674461,556.5657776277278,0.75408,57.3281536703508,228,1.175406734343436,0.0007534488195027,62.55,1.1675018932126178,790.484113081824,9.184850001474843e-05,1.1722208,318.5908194449194,4.749200001242571e-05
823.2209642460447,564.3587838154451,548.9647736361131,0.76766,899.5668496162243,79,0.9842182986191048,0.0007314868017754,59.75,0.9913088039506549,709.050533155009,9.184850001474843e-05,0.9837319,48.637313158650386,4.749200001242571e-05
1152.722491495229,625.7430966103792,524.9020812057565,0.8061,642.267620092808,124,1.049156539698416,0.0006312224042161,60.15,1.0492744159046743,11.787620625836048,9.184850001474843e-05,1.0479051,125.14522274076344,4.749200001242571e-05
601.2936685989087,580.2363798175179,508.46243256186114,0.82929,1191.583477903152,232,1.007260756225807,0.0006869390093054,57.98,1.0016696810541874,559.1075171619498,9.184850001474843e-05,1.0066609,59.98179628674549,4.749200001242571e-05
518.2762389257217,531.0755142584782,595.9236197390517,0.66384,745.1794878242013,193,1.0538164050499217,0.000726146813619,63.92,1.0519854922144236,183.09128354980774,9.184850001474843e-05,1.0517709,204.54795280711036,4.749200001242571e-05
802.4055604359957,547.5291005755357,560.5015406931999,0.74671,1075.706482345405,138,0.9978866841304646,0.0007535027686774,60.39,1.000418610308426,253.19261779614965,9.184850001474843e-05,0.99950653,161.98490154399892,4.749200001242571e-05
596.0025738243422,559.2433209275343,546.6743613545203,0.77159,367.9087836464188,75,1.0570616252885856,0.000855058263111,61.48,1.0453610054848053,1170.0619803780344,9.184850001474843e-05,1.0569876,7.398204670328035,4.749200001242571e-05
1087.7770417501415,588.9957233309897,509.0359798618918,0.82851,677.2124879146448,146,1.0544152766858623,0.0007403617650181,59.4,1.0521448318232318,227.04448626305052,9.184850001474843e-05,1.0563359,192.06493700458793,4.749200001242571e-05
1121.312076539503,656.2273396576234,584.1588384032077,0.69575,575.3681392316971,195,1.0642336574985105,0.0007348490927471,63.52,1.0752538299009344,1102.0172402423923,9.184850001474843e-05,1.0633825,85.11511279660766,4.749200001242571e-05
664.8973042004121,652.9685765004403,579.7629208747319,0.7063,15.39150367980727,168,1.1573784887415417,0.0007839503988228,64.13,1.1543711454461523,300.7343295389431,9.184850001474843e-05,1.1576875,30.90560811511711,4.749200001242571e-05
1157.6077563249191,610.0393806411288,568.3412938428611,0.73122,582.6641143268021,211,1.0713467402004353,0.0008095913924937,61.9,1.07647887800002,513.2137799584768,9.184850001474843e-05,1.0701048,124.190278283276,4.749200001242571e-05
502.7524528496376,621.4153845907736,566.3289230043283,0.73531,981.2629009027822,130,1.0152396218873874,0.000804772778353,60.9,1.0029423216097255,1229.730027766185,9.184850001474843e-05,1.0120797,315.99061586276014,4.749200001242571e-05
920.0686182625832,602.6910865491268,538.1187291087696,0.78575,867.4118671808058,6,0.9047401097485758,0.0006973081590404,59.85,0.9124822288026178,774.2119054041984,9.184850001474843e-05,0.9097657,502.5610618855869,4.749200001242571e-05
1058.277759690632,670.4192711619582,501.4520245988727,0.83857,873.0708227595403,84,0.9952560735240968,0.0007541237622309,58.18,1.004563827981862,930.7754457765216,9.184850001474843e-05,0.9920842,317.18683734925924,4.749200001242571e-05
516.9967348299723,653.5763511523976,559.0950602817261,0.74937,486.90683357742927,234,1.105394007454178,0.0007556523987915,62.04,1.0965494644159122,884.4543038265762,9.184850001474843e-05,1.1042544,113.96424868317379,4.749200001242571e-05
809.4361021081718,544.146056347515,599.9335150994971,0.65129,545.8649791858544,236,1.0737322482992917,0.0007598919027371,64.4,1.0758686662073584,213.64179080667344,9.184850001474843e-05,1.0698028,392.9487221410843,4.749200001242571e-05
1180.081241470626,685.7512324246644,514.9263348514108,0.82042,216.68239233710804,240,1.14526472355085,0.0007172743450969,61.01,1.1444983778032425,76.63457476074775,9.184850001474843e-05,1.1447363,52.84335728226175,4.749200001242571e-05
543.9475095630934,515.5525967905703,565.9516066819942,0.73606,1216.2049352522886,214,1.0046304871611489,0.0007363287233247,60.74,1.0026149052961908,201.55818649580937,9.184850001474843e-05,1.0031041,152.63964705360956,4.749200001242571e-05
955.0537213642128,549.5155571379361,509.6530751071049,0.82768,146.4970830999324,225,1.1624443371368194,0.0007127027742338,59.91,1.1545049812556933,793.9355881126043,9.184850001474843e-05,1.1598793,256.5010316445848,4.749200001242571e-05
765.3076200895891,606.6699060451072,539.989214420577,0.78272,551.7071176253975,163,1.0811631880264363,0.0007232681138805,60.85,1.075840784254735,532.2403771701235,9.184850001474843e-05,1.0783453,281.78892593464514,4.749200001242571e-05
567.6240033637073,662.82989482312,597.6165934634055,0.65867,1012.1733740647732,24,0.8654366928407968,0.0007518152758279,63.72,0.8750329675834174,959.6274742620592,9.184850001474843e-05,0.8706624,522.569834496367,4.749200001242571e-05
1138.0138906631632,577.4056127483507,589.4035242051536,0.68228,27.74363759042863,201,1.141888039486784,0.0007844024956154,62.67,1.1458323782678037,394.43387810196293,9.184850001474843e-05,1.1432524,136.43332549151398,4.749200001242571e-05
537.328025771078,556.225434305205,522.7496965035339,0.80926,160.1381646966727,2,0.9981277587441688,0.0007447915724661,60.29,0.9996429523431816,151.5193599012754,9.184850001474843e-05,0.9996535,152.57594557518405,4.749200001242571e-05
700.8974221808967,511.8561480295977,551.9468154968239,0.76243,1198.3134009962318,187,0.999274905606166,0.000700216508159,59.68,0.9981273158906349,114.75897155311942,9.184850001474843e-05,1.0006347,135.97646514023066,4.749200001242571e-05
1010.473955522676,589.799268350991,522.3895011068367,0.80978,205.9557788415511,47,1.0242406707959235,0.0007489006296034,60.22,1.02747669618594,323.60253900165503,9.184850001474843e-05,1.0248286,58.78824038445529,4.749200001242571e-05
968.476715243694,540.4837892571086,590.4317519823072,0.67951,972.0984828409918,114,0.9904240794809446,0.0007593775786946,62.55,0.9939647105619827,354.06310810380813,9.184850001474843e-05,0.9883628,206.12903268918404,4.749200001242571e-05
572.556810562965,619.9246662549814,591.3709841403622,0.67693,1224.1421068980662,60,0.9128987645938956,0.0007909132218142,62.35,0.9268757475516083,1397.6982957712657,9.184850001474843e-05,0.9202523,735.3558556739137,4.749200001242571e-05
798.810810845164,690.4533317463249,571.0001616417327,0.7257,1024.0405395803973,51,0.9193284294131636,0.0007447355116834,61.01,0.9244029090082441,507.447959508045,9.184850001474843e-05,0.9205837,125.52955624223205,4.749200001242571e-05
785.6535534660004,672.5253410685772,520.1984487616563,0.81295,43.4416562595439,222,1.183286520866655,0.0007914431144148,61.76,1.174958438514901,832.8082351753974,9.184850001474843e-05,1.1827407,54.583254268036896,4.749200001242571e-05
1089.3517324915251,632.3066647298159,596.4838933852991,0.66215,239.166141590826,40,0.9482163259356092,0.0007195873227449,64.48,0.9616533334363205,1343.7007500711306,9.184850001474843e-05,0.95558304,736.6710010283106,4.749200001242571e-05
1143.0409573544498,565.2267630524559,535.412076391199,0.79006,696.690449176747,63,0.9836242980866804,0.0007278448256529,59.96,0.9762641018722191,736.0196214461267,9.184850001474843e-05,0.9827609,86.33918671979713,4.749200001242571e-05
911.901200690442,645.5786599187221,579.4007196814216,0.70714,1193.0745823153404,116,0.9702825034217414,0.0007252777432651,58.95,0.9765460624318187,626.3559010077357,9.184850001474843e-05,0.9703871,10.459775165949647,4.749200001242571e-05
877.9529213798937,534.0569728231455,552.2050767637932,0.76197,458.97508048729554,111,1.0695998017881794,0.0007058308817566,61.39,1.0720957899727024,249.59881845230126,9.184850001474843e-05,1.0710338,143.40336228924056,4.749200001242571e-05
1003.6990388771296,695.8718431013831,550.8771224652115,0.76432,492.3914878686605,38,0.9529178879907684,0.0007764892361251,61.45,0.9508500925172563,206.77954735121017,9.184850001474843e-05,0.947551,536.6875951583805,4.749200001242571e-05
642.9466525392249,522.3106681144784,573.9205217317804,0.71944,927.8391752507516,68,0.964047255399796,0.0006897991810998,61.49,0.9627684306532649,127.8824746531071,9.184850001474843e-05,0.958795,525.2244356247382,4.749200001242571e-05
672.3269768445975,626.2065324224643,528.7782594859138,0.8003,904.7377086810072,78,0.9886835199703332,0.0007754836369568,59.21,0.9923736497803717,369.01298100384673,9.184850001474843e-05,0.9891685,48.50047717932515,4.749200001242571e-05
775.1342961717683,679.0019989142684,537.7485464182112,0.78634,880.4856294518943,87,0.998361400086583,0.0006837258673599,60.16,1.0039719326735947,561.0532587011719,9.184850001474843e-05,0.994695,366.63922855271204,4.749200001242571e-05
854.9262920662429,599.7478601308968,585.4502246385231,0.69253,598.1853159427085,89,1.018517372279063,0.0008245357566098,62.13,1.0278432324884745,932.5860209411508,9.184850001474843e-05,1.0207475,223.01701022235943,4.749200001242571e-05
533.6292342310265,566.588804870082,534.485298168113,0.79151,524.8633844788925,8,0.9516780619056092,0.000675329744755,60.36,0.9581712607665226,649.3198860913374,9.184850001474843e-05,0.95317805,149.99862282408793,4.749200001242571e-05
887.676595525709,684.9603714765658,504.1869861402125,0.83499,812.3637934271313,82,1.0044178360652178,0.0007482564762174,58.9,1.0103980112568594,598.0175191641513,9.184850001474843e-05,1.0087453,432.7476625517024,4.749200001242571e-05
862.0205464261742,697.7964846523469,540.2706583235401,0.78227,277.3465367529787,93,1.0870076345821136,0.0007679060983041,61.69,1.0884152407045444,140.7606122430849,9.184850001474843e-05,1.0847701,223.75511546843808,4.749200001242571e-05
579.0710760488554,682.5778617354408,592.635120792455,0.6734,149.97005351019385,148,1.1232550669073846,0.0007287356968421,64.68,1.13026257421842,700.7507311035388,9.184850001474843e-05,1.124798,154.29925561163404,4.749200001242571e-05
947.5045775171728,568.4281484035378,525.1165640840183,0.80578,20.638211049579024,239,1.184591718700436,0.0007350201168186,61.75,1.1693021463176354,1528.9572382800598,9.184850001474843e-05,1.1796687,492.3053768185026,4.749200001242571e-05
865.5332900507551,582.4782026067527,543.2326997131112,0.77739,1038.0716043079938,161,1.0094706921484504,0.0006703134762208,59.26,1.0077694346749295,170.12574735209006,9.184850001474843e-05,1.0108039,133.32457635368831,4.749200001242571e-05
1026.0047951197898,620.2565980055614,521.6267163243883,0.81089,884.1674114931369,28,0.91023814191491,0.0007613593165946,59.1,0.9107528609901798,51.471907526978725,9.184850001474843e-05,0.907376,286.2150570458133,4.749200001242571e-05
993.8661062567298,529.9262323926009,577.2760301421517,0.712,759.5587406597691,13,0.8927851306692846,0.0007519514493706,62.41,0.9073688044806039,1458.3673811319309,9.184850001474843e-05,0.89443564,165.05134804957189,4.749200001242571e-05
683.0944959742867,508.6346557995928,540.5300111941673,0.78184,988.119483359959,54,0.9416682509002514,0.0007454888002302,59.1,0.9399785830051066,168.96678951447973,9.184850001474843e-05,0.9447617,309.3442577379202,4.749200001242571e-05
1060.977315848967,687.0756374790761,510.1014192395609,0.82707,1044.3443901754729,25,0.898993133601629,0.0007925291525347,58.8,0.8928318986065839,616.1234995045173,9.184850001474843e-05,0.8961141,287.9022654973751,4.749200001242571e-05
972.1544289029252,516.6983466775214,508.60534077558685,0.8291,749.7427159941515,44,0.9513154667730016,0.0007418063702618,59.01,0.9520346921772986,71.92254042970303,9.184850001474843e-05,0.95381016,249.46886186915097,4.749200001242571e-05
795.3777462431137,512.5089585129512,519.3525694778597,0.81417,353.6098367894695,129,1.10614591059141,0.0007524910721625,60.61,1.1044736365835157,167.227400789427,9.184850001474843e-05,1.106522,37.60534817711658,4.749200001242571e-05
870.1506295966624,557.8012282086449,518.4421899445028,0.81547,937.7357496213464,170,1.0266912374215782,0.000706631731629,58.62,1.025954509179175,73.67282424031174,9.184850001474843e-05,1.0264602,23.10666757285862,4.749200001242571e-05
944.1628782925588,607.036108595291,517.114330707218,0.81735,589.2070623198344,140,1.0678560887797703,0.0008319151685636,59.82,1.0684865969368476,63.05081570772142,9.184850001474843e-05,1.0660464,180.9731624924149,4.749200001242571e-05
1070.799989029447,600.3008950758455,588.0285415585051,0.68591,823.7568285598583,134,1.0156696991418956,0.0007374753331225,62.55,1.024299145204876,862.9446062980328,9.184850001474843e-05,1.0176914,202.1674683177599,4.749200001242571e-05
705.3685687326858,560.4412003244678,524.3467824337108,0.80692,78.66020406191336,155,1.1649074611112311,0.0007980968239793,61.35,1.1613447227379554,356.27383732756977,9.184850001474843e-05,1.1654494,54.19197634026762,4.749200001242571e-05
1159.497563602616,536.1552428484911,562.2885436653237,0.74328,756.3040280624631,158,1.0382542447064405,0.0007188208888992,61.12,1.0406486862112938,239.44415048533506,9.184850001474843e-05,1.0372462,100.80174420361575,4.749200001242571e-05
905.7273607676124,543.5755826709984,504.5510188082744,0.83451,952.64081368179,99,0.9989352480915076,0.0007318011081091,57.89,0.994535295534714,439.9952556793596,9.184850001474843e-05,0.9996328,69.75276920312412,4.749200001242571e-05
550.646307734614,590.4333647362882,529.8448982480105,0.79868,734.726990876182,223,1.0713273602825168,0.0007193051457032,59.6,1.0631887202501036,813.8640032413269,9.184850001474843e-05,1.0712376,8.979619560278707,4.749200001242571e-05
792.2297065890323,611.7415203382612,586.8403557190244,0.68899,569.5087050233104,145,1.0603074372581542,0.0007980121564266,62.82,1.0664651457583374,615.7708500183156,9.184850001474843e-05,1.0611014,79.3999356835995,4.749200001242571e-05
1039.3426406035635,583.974386149727,516.2782938246022,0.81853,419.558275068246,110,1.079633052813696,0.0007437458710608,60.0,1.0747300631180365,490.29896956593876,9.184850001474843e-05,1.0780755,155.75246688595,4.749200001242571e-05
530.8824023602714,518.5060683472502,545.6483847488388,0.77334,5.747552618713086,49,1.0599951829136898,0.0007933164485439,62.02,1.0478429135758214,1215.2269337868393,9.184850001474843e-05,1.0585803,141.49035634090092,4.749200001242571e-05
725.0697060045808,507.0484513008008,542.893580859219,0.77795,1096.0088208802035,176,1.00906923608337,0.0006961370364367,59.55,1.0043372815520515,473.1954531318472,9.184850001474843e-05,1.010024,95.47154470865848,4.749200001242571e-05
839.0723402532251,649.4929947015167,530.5950734352175,0.79754,959.3944688598996,175,1.0252015255276363,0.0007616918133617,59.55,1.0254242773739215,22.275184628517408,9.184850001474843e-05,1.0256255,42.394177277871314,4.749200001242571e-05
677.3751741061268,597.1471370670708,587.9088576300194,0.68623,1057.114821081211,59,0.9282272571348646,0.0007711814628641,62.46,0.9280952867943096,13.197034055500989,9.184850001474843e-05,0.9324695,424.2230055381935,4.749200001242571e-05
1187.6170315069912,584.9344977462498,523.5155976020586,0.80814,534.7014055004353,202,1.0847271013897133,0.0008217220444768,60.05,1.0876712354133922,294.41340236788795,9.184850001474843e-05,1.0869348,220.77035266685473,4.749200001242571e-05
1014.403618364419,659.896629624094,576.8077610339309,0.71306,256.4659221779666,218,1.118046623282023,0.0007377114530529,63.15,1.1198604271144696,181.38038324466697,9.184850001474843e-05,1.1206656,261.8926949910616,4.749200001242571e-05
1004.249682042863,637.5578450728246,590.870670405096,0.67831,498.38214935384894,132,1.0559290388734317,0.0007321931249456,63.49,1.0750490671653612,1912.002829192949,9.184850001474843e-05,1.0597606,383.15316526913443,4.749200001242571e-05
752.1185946523138,523.5463019249065,507.2999067734424,0.83085,862.2357069711013,244,1.04985847145962,0.0007779820296745,58.46,1.0424514010446249,740.707041499511,9.184850001474843e-05,1.047679,217.95240108894998,4.749200001242571e-05
1031.8891219229197,510.1184045639395,598.6712891245196,0.65536,723.9376457794475,179,1.0376253826874713,0.0007622640613905,63.35,1.0489854403889578,1136.0057701486514,9.184850001474843e-05,1.0377767,15.132591543398632,4.749200001242571e-05
722.3990658296827,699.0018605213445,578.1085065615509,0.71011,709.9772604384501,43,0.9325876679190436,0.0007667454016629,62.34,0.9247394480439814,784.8219875062124,9.184850001474843e-05,0.9259257,666.1995864752801,4.749200001242571e-05
617.9134056016252,591.3164957013078,556.1425463234652,0.75486,651.89576421149,101,1.0409972490564214,0.0007913914448454,61.11,1.0329654869319378,803.1762124483644,9.184850001474843e-05,1.0420822,108.49414571894033,4.749200001242571e-05
513.1923253729356,654.8745959779123,561.9935694476641,0.74385,54.78203119020749,206,1.1740014934104082,0.0007309951328395,62.87,1.161428070013265,1257.342339714307,9.184850001474843e-05,1.1715765,242.49934714433152,4.749200001242571e-05
546.3436725311593,615.0464847032075,528.0247597398974,0.80144,925.9062686853558,69,0.9778902949152,0.000765129267748,59.44,0.9734995531203379,439.07417948620963,9.184850001474843e-05,0.9771557,73.46094903952772,4.749200001242571e-05
949.0385342038202,502.6361870725754,575.0595829485188,0.71695,301.6030886134433,108,1.0801912698331515,0.0007708287992845,62.81,1.092185666279842,1199.4396446690425,9.184850001474843e-05,1.0802542,6.292728751500221,4.749200001242571e-05
556.1659797858978,554.9732562885696,583.9253045419126,0.69633,90.53803080585932,195,1.153092036581583,0.0007007844967334,63.52,1.150593466958565,249.85696230181986,9.184850001474843e-05,1.1513813,171.07823854161097,4.749200001242571e-05
728.4727464410058,509.3452610710757,550.1828771693602,0.76553,117.91131590735144,231,1.1627424955800492,0.0007799308907464,61.97,1.1536668556310223,907.5639949026826,9.184850001474843e-05,1.1603543,238.8238950105315,4.749200001242571e-05
615.0891631580392,542.7594354721236,548.2184567241102,0.76895,188.79446983789603,199,1.1496565383117636,0.0007173376881799,61.51,1.143035578260692,662.0960051071601,9.184850001474843e-05,1.1445199,513.6613194270944,4.749200001242571e-05
664.4525775937998,664.5030016405583,529.0242300265751,0.79993,99.23152159230784,151,1.1572494873081405,0.0007351229815899,61.33,1.1570794189118994,17.00683962411187,9.184850001474843e-05,1.1587539,150.43846095841306,4.749200001242571e-05
1101.8143763280725,642.6028665603797,503.618435747854,0.83574,965.2213340962844,10,0.9051854250760396,0.0007068638167625,58.4,0.9107971728474944,561.174777145479,9.184850001474843e-05,0.9068161,163.06998400370531,4.749200001242571e-05
584.1561874983706,538.0481244559647,569.8458294956974,0.72811,1179.145331125579,124,0.9870144617242326,0.0006887324731552,60.82,0.9868298951242873,18.456659994525726,9.184850001474843e-05,0.98456734,244.7117535542387,4.749200001242571e-05
732.6513022824595,581.3811963741158,502.9710021999581,0.83658,802.4078708474389,81,1.0085806937208597,0.0007350692921802,58.43,1.0079277823512562,65.29113696034372,9.184850001474843e-05,1.0153791,679.8377514797061,4.749200001242571e-05
899.949492658536,677.4763982088045,585.5891545617233,0.69218,242.19563443569427,104,1.0799207723335296,0.000798668942202,63.51,1.104586564070552,2466.5791737022323,9.184850001474843e-05,1.0839921,407.13512702912345,4.749200001242571e-05
978.668233410414,505.1065306448925,519.9433781894718,0.81332,537.437218034956,167,1.08244567196735,0.0007793234207646,57.59,1.0817744957350315,67.11762323186043,9.184850001474843e-05,1.0843322,188.65557395590926,4.749200001242571e-05
561.610585047102,681.4320070631047,583.2567258413385,0.69797,316.5886358513065,182,1.1149001282022155,0.0006839090383915,61.89,1.1162397700080346,133.9641805819136,9.184850001474843e-05,1.1147583,14.187510468133269,4.749200001242571e-05
605.0566409251452,562.932532225697,541.2655391339405,0.78064,1107.0729730919052,86,0.9716639865490884,0.0007652098784404,59.12,0.967971115112598,369.28714364903306,9.184850001474843e-05,0.96919,247.39850613564317,4.749200001242571e-05
644.4959222960732,517.5058224709495,531.196708066453,0.79662,1127.4000223767573,136,0.997767050990595,0.0007039097666281,58.5,1.0018000093824058,403.2958391810726,9.184850001474843e-05,0.99964327,187.6215210424248,4.749200001242571e-05
688.9859124848745,596.5571847716648,535.680327147405,0.78963,109.69859203055204,35,1.0060472349361471,0.0008106362111249,60.42,0.9988117776110015,723.5457325145634,9.184850001474843e-05,1.0019114,413.58331874898903,4.749200001242571e-05
691.9680447217183,513.6720763706033,513.8891380472654,0.82187,635.8361210540342,164,1.07372276487604,0.0007811151519981,59.17,1.0686073323093628,511.5432566677125,9.184850001474843e-05,1.0747641,104.13676236549207,4.749200001242571e-05
1123.7965746286477,676.6005280952619,563.0462147483229,0.7418,68.33932615540529,186,1.1495166881089462,0.0008091826831006,63.12,1.1486133206106868,90.33674982594775,9.184850001474843e-05,1.148233,128.36320405258394,4.749200001242571e-05
1095.2209352829673,586.2906436417636,503.0582064446078,0.83647,1099.189549459474,95,0.9732528177053194,0.0007384924097153,57.95,0.9695018803060604,375.0937399258913,9.184850001474843e-05,0.9746609,140.80557077665867,4.749200001242571e-05
933.4024328141652,678.5069811830211,533.038382132507,0.79377,1033.594384731918,102,0.9869628049952808,0.0006813805792976,59.38,0.9790073067699997,795.5498225281077,9.184850001474843e-05,0.9880748,111.19745152172733,4.749200001242571e-05
1023.8869266115288,609.9561941635083,555.20341794999,0.75657,129.13783616405993,165,1.1402935031783838,0.0008351366917891,62.31,1.1365618106586346,373.16925197492526,9.184850001474843e-05,1.1400514,24.21382797022087,4.749200001242571e-05
1064.5290537767096,594.2438050359846,549.3073743154523,0.76706,791.2929233062058,5,0.903775827296776,0.000715221191256,60.08,0.9121513067937257,837.5479496949722,9.184850001474843e-05,0.90710807,333.22411694105546,4.749200001242571e-05
1148.1425066497268,691.0996160479756,541.5848237997398,0.78012,529.9232511953218,139,1.0678627926046569,0.0007499860190379,60.82,1.079887092875321,1202.4300270664146,9.184850001474843e-05,1.0705445,268.1688672808935,4.749200001242571e-05
552.8162121471096,541.3540233099865,536.8601588473002,0.78776,997.8522958171808,70,0.9689996011945052,0.0007417527483176,59.7,0.9653084043570951,369.1196837410149,9.184850001474843e-05,0.96954787,54.82665804581455,4.749200001242571e-05
574.8420583918684,660.7814126427849,516.88694482879,0.81767,342.4976685895279,146,1.119730029270895,0.0007790105517826,60.31,1.1132075681108746,652.2461160020309,9.184850001474843e-05,1.1179026,182.73927428797964,4.749200001242571e-05
592.7929816945025,563.5356430284169,564.938870818057,0.73808,1148.58308630597,228,1.0112041252464663,0.0006848345097023,60.53,1.0077488244702124,345.5300776253889,9.184850001474843e-05,1.0117023,49.817387157569115,4.749200001242571e-05
737.3860120995578,500.6266481528239,576.3172436707487,0.71416,346.23421613886825,50,0.9912372073846848,0.0007587053936567,62.82,0.9854803044178873,575.6902966797539,9.184850001474843e-05,0.9927913,155.4087666889914,4.749200001242571e-05
604.5724197426905,617.6066901855905,594.4349870838871,0.66824,1181.6950855167602,76,0.9418879671628108,0.0007070971482985,62.67,0.9481367777891444,624.8810626333645,9.184850001474843e-05,0.9444676,257.96369974980803,4.749200001242571e-05
670.4676906309513,537.1678544852615,518.5035084881606,0.81538,690.7982224883918,7,0.9366735459598684,0.0007331296478009,58.21,0.9305246338872738,614.8912072594603,9.184850001474843e-05,0.93478113,189.24118312978467,4.749200001242571e-05
1172.4552551364443,608.1517699372873,515.9363592045171,0.81901,228.195877611356,79,1.0812505598274913,0.0007832122132191,60.43,1.0821211064159428,87.05465884515374,9.184850001474843e-05,1.0794075,184.3106290503993,4.749200001242571e-05
1118.41304384061,661.4058156485238,500.1070553633722,0.84031,1170.6785480265037,189,0.9944378092568632,0.0007301818753465,57.79,0.9929558328147995,148.19764420637148,9.184850001474843e-05,0.99541646,97.8653164554033,4.749200001242571e-05
1163.435919212889,640.5693599313033,599.2780923239771,0.65341,469.9961440767078,215,1.074936158785468,0.0007289853531526,64.54,1.0808303384901923,589.4179704724278,9.184850001474843e-05,1.0743486,58.75898691471981,4.749200001242571e-05
881.0886285621676,604.5946662695761,513.0872604188608,0.82298,1230.737881159123,23,0.8811521758530582,0.0007009934119495,58.14,0.8818576038250981,70.54279720399848,9.184850001474843e-05,0.88274246,159.02886893307544,4.749200001242571e-05
509.8561520880688,573.4921993909774,562.8092656333166,0.74226,629.1742330440222,184,1.0769345386593447,0.0007069559875401,61.65,1.0702520299659992,668.2508693345524,9.184850001474843e-05,1.0749285,200.60165493593905,4.749200001242571e-05
787.6501990662861,629.2759832171303,569.0572384858397,0.72975,985.8770910298005,29,0.8878225482642605,0.0006943881267523,61.37,0.8832789499612984,454.3598302962137,9.184850001474843e-05,0.8874491,37.34625518276857,4.749200001242571e-05
989.8199077639132,567.9939702313429,577.803150776109,0.71081,1006.4129033731232,30,0.8760805055818988,0.0007539590876736,61.53,0.8808367308345392,475.62252526404114,9.184850001474843e-05,0.8800782,399.76909436749696,4.749200001242571e-05
716.1363245649924,530.5402506638561,517.5434315958711,0.81674,31.71780398229413,16,1.0102435968290004,0.0007818289722435,60.62,1.0075519396165733,269.16572124271454,9.184850001474843e-05,1.0146728,442.91593660679143,4.749200001242571e-05
1052.2932532455302,614.6475996855489,559.5470544616924,0.74852,1161.8024548826074,169,0.9918619368189888,0.00079872919478,60.44,0.9923580947892632,49.61579702743579,9.184850001474843e-05,0.9916288,23.311115446855712,4.749200001242571e-05
527.9137431844555,587.8452984349692,566.9586220582415,0.73404,388.91705272413344,39,0.9671907601569362,0.0007114984132138,62.07,0.9620568780214256,513.3882135510581,9.184850001474843e-05,0.96599233,119.84286521143916,4.749200001242571e-05
852.4922000503477,669.6900242034637,526.4260257747417,0.80384,815.6639339212862,122,1.0281037595055331,0.0006927989994899,59.2,1.0283727000795226,26.894057398951787,9.184850001474843e-05,1.0287014,59.766509316072636,4.749200001242571e-05
829.5562094655921,657.1058568496439,506.1364841650895,0.8324,213.19214260122024,174,1.1458758341381503,0.0007507963214812,59.97,1.1407442436038808,513.1590534269482,9.184850001474843e-05,1.1426082,326.766839718351,4.749200001242571e-05
1080.6434412873182,503.4506750266464,505.1205104537997,0.83375,182.77132582578852,128,1.1311597038634784,0.0007642360989644,60.42,1.1383774085035332,721.7704640054778,9.184850001474843e-05,1.1360953,493.5581552170998,4.749200001242571e-05
638.5237730968902,575.2189110677324,547.6684660113068,0.76989,838.0048258837448,220,1.0515312716264509,0.0006946846285915,57.87,1.0463892957930505,514.197583340037,9.184850001474843e-05,1.0514951,3.619640062080265,4.749200001242571e-05
758.2262732961171,579.6670506891355,588.8929920136113,0.68364,173.652582706517,41,0.9736884987871054,0.0007493042658448,64.09,0.9754793022352048,179.0803448099454,9.184850001474843e-05,0.9737645,7.598037320344364,4.749200001242571e-05
982.6098338618956,616.8899441210203,521.3574146900565,0.81128,911.1080152833944,227,1.0364733015650394,0.0006732730436121,59.58,1.0325036170518187,396.96845132206613,9.184850001474843e-05,1.0324665,400.67707651736396,4.749200001242571e-05
999.4414027752404,605.1186288641005,574.163988954662,0.71891,441.64626295875286,72,1.019253612652442,0.0007290770633743,62.47,1.0226465955619626,339.2982909520503,9.184850001474843e-05,1.0192254,2.8253689429380557,4.749200001242571e-05
539.2340512936219,680.1183585269231,557.8715153996803,0.75166,786.4871602821188,178,1.0529109782219543,0.0007823250016746,61.65,1.0500986016197573,281.237660219702,9.184850001474843e-05,1.0509886,192.24232674255325,4.749200001242571e-05
1018.534208812786,558.5904864458299,582.0934526876346,0.70078,714.1204620075754,190,1.0498614194349172,0.0007184845938366,62.27,1.0561832487986351,632.1829363717945,9.184850001474843e-05,1.0488226,103.87780622365116,4.749200001242571e-05
681.0145260527208,665.2385622828439,511.9250208377381,0.82458,845.0912369716956,188,1.0473167220730777,0.0007282474222237,58.98,1.0429760913668618,434.0630706215931,9.184850001474843e-05,1.0451596,215.71437497134303,4.749200001242571e-05
1091.6408382219863,638.4233650316164,544.7823116696153,0.7748,619.749154496846,159,1.0614047895128145,0.0006948118847767,60.76,1.0586581679304126,274.66215824019093,9.184850001474843e-05,1.0631914,178.66243665800584,4.749200001242571e-05
706.9137234086405,635.0273716437846,552.547167777799,0.76136,1220.5394497309242,143,0.9852483923422546,0.0007630124574116,59.76,0.9926425780773698,739.4185735115188,9.184850001474843e-05,0.98707366,182.52675545959994,4.749200001242571e-05
896.7189639044719,570.0086052458535,545.4695597970571,0.77364,1140.825536236746,241,1.0075567085320325,0.0007442016344244,60.06,1.0026840381607753,487.26703712571594,9.184850001474843e-05,1.0067707,78.5978513416774,4.749200001242571e-05
860.1799277688956,647.6055599529532,567.5790211606582,0.73278,425.59799737640833,245,1.1041594373242776,0.0006850359978723,62.5,1.0947586281934272,940.0809130850396,9.184850001474843e-05,1.1026758,148.36417691628245,4.749200001242571e-05
739.5048168914676,501.9890174136999,571.5052575715706,0.72463,295.41749437948005,120,1.09467968197795,0.0008388843666034,60.93,1.0975215248272148,284.18428492646973,9.184850001474843e-05,1.1012297,654.9985685624149,4.749200001242571e-05
776.8873002756986,553.7365917778832,507.5674977213136,0.83049,919.5032124877328,32,0.9181131468520676,0.0007529243731391,58.1,0.911923024036095,619.0122815972531,9.184850001474843e-05,0.9161169,199.62535605941855,4.749200001242571e-05
693.2665160762716,628.8423270201602,567.4070831647318,0.73313,562.7493450981932,58,0.9888616648372708,0.0007743770607206,61.6,0.9902934797760641,143.18149387932965,9.184850001474843e-05,0.9891859,32.42644611300971,4.749200001242571e-05
629.2815023616308,666.7421954818644,515.4642686337847,0.81967,405.4748628816181,91,1.07762305270288,0.0007631166991479,60.0,1.0653178389612012,1230.521374167881,9.184850001474843e-05,1.0758709,175.21811589957804,4.749200001242571e-05
1042.6492872967478,504.5526577399213,501.55557351910574,0.83843,323.72096634277045,12,0.9758079486351698,0.0007565199947476,59.57,0.9688319224997067,697.602613546311,9.184850001474843e-05,0.9771319,132.39545363694648,4.749200001242571e-05
986.1534371490412,526.0490048365257,526.5952838870286,0.80358,306.7844921794276,230,1.1289583017779534,0.0007832569643754,61.0,1.129561971476368,60.36696984146328,9.184850001474843e-05,1.1315118,255.35056637580044,4.749200001242571e-05
523.763069062676,698.1461103647451,581.5880960117804,0.70199,736.6216070193088,152,1.04941029415524,0.0008125319418847,60.61,1.0486280094981517,78.22846570881836,9.184850001474843e-05,1.051829,241.86862906219187,4.749200001242571e-05
1146.5497845657026,694.5172334803997,558.6367013052891,0.75023,446.9017400777997,216,1.0923527521138343,0.0008259013374751,62.0,1.0916739432563605,67.8808857473845,9.184850001474843e-05,1.0952525,289.97617716637336,4.749200001242571e-05
1083.1214309578584,535.2277029340751,596.510031600407,0.66207,230.98507591119025,86,1.0508633442998034,0.0007571813232445,64.78,1.0689350903812977,1807.1746081494312,9.184850001474843e-05,1.0513318,46.841419934207096,4.749200001242571e-05
741.7217388766447,555.1860026232861,593.9429530004445,0.66967,831.4478204548235,208,1.0401098661784238,0.0007526370357558,63.31,1.039460489759546,64.9376418877745,9.184850001474843e-05,1.0416231,151.32493611269558,4.749200001242571e-05
747.0911937586877,550.6041952336484,568.5585460347896,0.73078,115.38440471848294,73,1.0789002263440346,0.0006808448572017,62.97,1.0811836898080152,228.34634639805617,9.184850001474843e-05,1.0690489,985.1344813272877,4.749200001242571e-05
1102.0945611794589,634.0139425620357,591.8948892621765,0.67548,289.54939830550273,118,1.0752447686083384,0.0007586020382464,64.01,1.0924863566918912,1724.1588083552806,9.184850001474843e-05,1.0798708,462.6051437132794,4.749200001242571e-05
634.2221012002578,643.6803973247672,520.6799897612306,0.81226,672.47737137208,235,1.079166008812586,0.0007611536124687,59.83,1.0687161130657343,1044.9895746851735,9.184850001474843e-05,1.0783128,85.32541815435835,4.749200001242571e-05
806.7910380286785,569.8689811384039,572.5485396171143,0.72241,394.0540185589863,19,0.9344181092285596,0.0007858311265223,60.0,0.9417227475038328,730.4638275273168,9.184850001474843e-05,0.93553036,111.22552848376044,4.749200001242571e-05
925.1638871310304,692.6343062786796,563.6780588057808,0.74057,163.42297953306286,118,1.1138508159450302,0.0007261027070878,62.55,1.1188519773841739,500.1161439143642,9.184850001474843e-05,1.1137487,10.214632070160157,4.749200001242571e-05
1106.0372371500894,648.820575926176,589.529146631645,0.68194,680.0053090963935,248,1.0548711016812644,0.0008039879971183,63.38,1.058819836846117,394.87351648526123,9.184850001474843e-05,1.0562214,135.02642473854908,4.749200001242571e-05
