Fuel_Temperature_K,Cladding_Temperature_K,Moderator_Temperature_K,Boron_ppm,CR_Step,K_eff
732.8056091129098,689.6068815814696,570.2424253972374,243.519899412355,144,1.1144454611990664
681.7306758809286,631.4225073918853,557.2963999500694,771.3123028691026,101,1.0219431489274526
520.3471743782205,587.4080589750417,583.3860815840455,541.0573367432601,99,1.046100314721225
1092.8869644743932,611.9253962360481,580.119971498418,857.9711148074681,151,1.0210269898883608
958.0310105895946,688.708033576042,522.2737132440119,48.235535854027376,78,1.1129018142639924
858.7367777606091,645.4665160778319,578.5670460534891,254.71945415963663,154,1.1090073692411926
588.1436531255337,676.6495110392623,530.5363222555416,204.7610367682081,96,1.1118737546391542
1046.6112598417872,684.2835877065455,525.3214888895662,899.9041469721851,228,1.035717882332963
746.2114186796822,576.9734362721986,552.4951321779199,738.3346827877564,175,1.054146553003339
1030.770650187308,660.9218841890107,520.6971305082732,1206.7519833994247,123,0.975374617381562
1174.6400861254042,628.9935523505238,555.5000209721518,401.98288430675217,108,1.0663156843404538
1013.4559912292248,646.3122414908041,563.1902406955263,1210.6979522332333,220,0.993335821924409
983.55480607434,696.0215545203771,549.5395371165812,952.0095991294032,19,0.8936330536871233
914.6362739024252,656.549912015195,556.0409127778956,654.3548123109517,185,1.0642240938644554
581.0952786436876,566.085242668406,550.8854483393026,1200.5283307937927,156,0.9960128731081018
531.8961799077232,584.2892470511035,514.7407165297788,902.7355697790708,208,1.046759148942254
882.0878813599139,521.2375043758014,569.3333601427425,827.6910982045091,201,1.0419970140251709
706.7836859502904,501.0395644179801,504.3386885528601,565.357577446276,194,1.090910478241306
1066.8872104015695,557.4865964636531,550.4940788396628,928.142141279748,7,0.8916182781032929
525.7710259849879,650.1117358275692,513.5343792628312,1135.3497884484927,110,0.9898729614949024
744.9091802227138,611.7090524621113,590.1037528267555,633.9769749971988,238,1.068525615838778
1146.3807597256532,570.6260107890756,549.4316824000882,385.8748856180559,165,1.096556084846878
823.6243453141736,563.5023899735587,581.266863979824,522.004907154109,237,1.0850508894985582
900.1451559437311,589.6615491885873,598.5439307906362,802.6908093617701,158,1.0255968399222333
621.5528637378186,614.9774978318386,546.7004156718735,767.0577385512073,22,0.9183468472867744
910.6344693058368,554.9376160142816,531.1441462782029,921.7445288417622,61,0.9590640077178344
765.8053884193246,659.9835236874808,580.5308747453652,1132.8383909762556,117,0.9821636282680156
989.2100167717211,691.1518181609833,509.56642911887405,137.96077988821114,161,1.1507854519423748
1070.5799997822342,516.9195962686465,532.0841683541594,973.6312216012948,197,1.0209175355773428
804.726436448776,683.2720882078702,503.9976696086799,905.5155284198084,130,1.022068721782938
529.9672189531817,563.1927410711523,578.0939401103283,670.875659836236,192,1.0684316536245493
1056.0041676891033,634.4327510436399,555.9425109545045,900.3373520366131,207,1.0302602946077304
901.1711261880968,550.5710375113812,579.3738794124831,27.56231467157739,246,1.1614687068855367
836.4609244410065,666.8785207721169,521.172832034094,758.3790911749081,33,0.9317914332177576
979.5311638862212,629.7717683549148,510.4025636204592,674.5819297073599,51,0.9738817380834413
866.9170246503122,555.992747062191,537.4305123454,234.8023623559778,189,1.136835976677868
534.8081980398554,665.9328330113223,500.1902730005282,65.5241650120251,16,1.021619903760347
1056.9577595601345,593.6980084037292,557.8392199617333,486.4672145695319,168,1.079760494614032
949.6001796302772,522.0618744950543,554.6694603437337,275.445065907281,174,1.1193488486571193
562.1171004630187,636.1889405484536,519.0481903421237,909.25727633267,202,1.0422178183411763
1112.1148369989178,573.2369782475705,551.0788219249903,947.8787307867664,55,0.9359530490506316
773.1200752136319,512.1514427255457,517.8929474763568,282.0250818585896,62,1.05504266990423
1130.4328018508625,507.9581837374879,556.6070429241677,413.2819516150168,35,0.9491565165856756
886.3310671544106,576.3357715748041,569.7280067355636,1155.346060459529,18,0.8686779777916549
507.2788145959135,696.6024037750815,585.3858862461112,488.2506108251816,206,1.093768198557722
723.5398586053834,573.1402409350846,529.2376848775408,1122.14477256613,143,0.9985104342435824
697.2117742955609,613.3619896221013,556.9843013393779,119.68678582740192,117,1.1288596978876773
750.3680376995407,617.3052529338825,587.8910214061673,363.6824531677574,216,1.1041816736825474
826.0416064147612,554.229547330606,506.7151696380708,611.830795250685,79,1.0306648570953802
1167.1359691863786,686.7707424644359,573.7372185895338,591.7549958674509,121,1.0419057490285464
1057.4078497182063,662.4899547389315,583.8139068304001,1030.3980021062132,242,1.0135395246268082
653.1529726615034,548.7757689309383,511.1521348518852,554.5286741167201,120,1.0730141453704425
1198.0145691494197,639.2884869315104,583.5976905093798,682.7483038832659,21,0.8917094491811736
908.4479428064022,623.2434060999748,565.4115874933269,193.86636617981625,9,0.9588549741837514
813.5378623571403,653.025792283502,520.751827178133,256.57199031451194,175,1.1351311947521017
932.2119408422092,619.412012140453,598.7098002804461,1062.2725577347749,42,0.8779382116482783
593.6904582379102,649.2135642072993,552.8440616842946,821.8424999705386,246,1.0555905710486166
972.7625544961862,552.8697749102837,578.702339830001,101.59950274764408,128,1.1219941391058788
536.156614427853,511.94784787345526,583.714166444375,50.252569903733445,179,1.1563527349590723
944.3035619593696,631.280254484001,507.9812162121717,1019.5778501174896,159,1.011145024637549
1038.3642132117302,664.6229838824557,592.9973506282352,545.9333958622406,186,1.0649776525205246
1182.778946368151,592.3558245833436,591.9620407289137,171.92546579849636,220,1.1196998984190236
1084.0728342445657,690.6693302399933,561.3993058559881,793.5934431396946,105,1.010179528581379
1188.6417713827668,546.7775595607162,542.6122945306638,573.5591784471698,213,1.0758452545176562
967.6448516114468,689.8843643922146,577.5506573158176,688.1061918343188,146,1.0436311639554352
853.8966315186215,592.4877999685244,548.0937004401933,1012.0778082789716,40,0.9051438355384585
1198.9632345767357,629.5539459050511,594.9128010558127,553.7752375885293,204,1.062099686586758
1065.8497545627174,601.5025396703868,519.4517819107093,1195.1407627637452,188,0.9913207135887816
889.2397348353438,557.0187150392687,567.5703082263622,1001.697081450464,73,0.9583073216711844
814.1333366217059,589.3236403573572,596.552663411293,744.2057992773613,135,1.028525112521664
685.1327966891541,604.1059598394211,538.7421965678501,96.91515911628184,102,1.129745999940864
645.5713572859349,610.5143357695001,527.6610887580171,128.5043502792852,23,0.9976746934633782
1132.5457968502203,640.6706556375856,559.978046040083,864.7071648912869,182,1.028904708258906
721.402884465971,535.7715230529768,508.1442557528245,207.6114895825312,153,1.144055187797135
623.9570213562149,691.7216996608257,564.9458209903196,1184.5166609544451,132,0.9879225171911236
831.2839635850052,531.338385824259,527.7547947501093,328.4444601115966,104,1.0919756711238435
1148.1273789355157,609.6738977190467,510.2039929231738,964.2886718349664,67,0.961703007033344
588.6862345097484,535.5790499104909,542.8265299112365,18.02047182882007,111,1.1530281744496982
531.258724088626,632.8686725071211,500.8413845564664,169.07050811346852,117,1.143492792955204
812.785261570549,618.8793957341533,558.874216649041,809.0394047481578,170,1.0422159261128434
1077.724225414812,530.9179115908019,524.8405486489096,780.6854800660296,41,0.9351707535075744
653.9473853086537,620.6583329465242,598.0717383660469,67.67669245288666,183,1.1396371960371172
693.3664675393408,532.9384723762712,563.3576495293156,911.098082834296,36,0.9059879109245512
628.3646408446359,678.1139701340671,544.273480070523,651.4376305698106,13,0.928925245261814
784.8822375638468,533.6281906572061,579.778500318089,6.672821285733403,214,1.1659943475653654
1138.6933667025214,673.7922857879255,516.5347638132931,559.6210141497102,189,1.080700639075299
1109.9555303856682,606.637614202818,516.750821472715,52.91290041616034,191,1.1716073871400132
882.2863264530552,517.4813959302328,510.93065231479255,506.3472141916829,127,1.0789988753717623
1195.5030343197554,505.3210951324615,512.3355905392121,420.4205551403999,224,1.1059454834816462
1168.3886501761783,653.3635592162428,566.9564651589603,1179.5294436793745,113,0.9672623326821288
1040.4970993358634,640.9163579488015,554.5860272837108,390.55092905333487,119,1.0795655705512242
1105.0619010430669,544.0327690820511,508.3578561823915,1086.27560940975,167,1.0014791494912263
973.714905765548,674.7103965896766,555.4440248787721,814.958744355871,133,1.0278600104485005
1131.23208013559,568.7599247192823,585.8404934701109,11.460903546720727,25,0.9533475240801994
927.8642194239096,665.5748370897684,541.6308950324277,368.9625170543912,73,1.0470296088693034
743.8643851251352,699.7427097309361,578.9987953740192,417.4709188008312,190,1.097214243112922
772.8923878120866,595.694884879505,591.3965520305331,557.7598714200817,84,1.0169799664030983
678.5228907142715,544.4148844705281,584.5206088397117,460.8157218833349,210,1.0943882137763457
1108.9036685548645,536.0510144467185,545.8114196767187,9.053538860165066,153,1.1594434152507431
715.5181473347494,634.686618359591,532.7638273684269,1225.0854657665802,100,0.9657881606685284
702.8561529053069,675.6182124553252,511.4869203322878,464.9979123514257,101,1.0746943348019875
766.3346489032796,627.5901217735252,590.6896915294218,962.9185107390445,68,0.9475623044089996
735.316910334005,511.2312812858069,545.6808407822454,570.0672669055617,134,1.0699200102411257
1190.4851721160262,506.2445725541551,540.7600389287529,1103.7047488593587,26,0.8809015526826328
1100.623306854006,569.1400333684608,525.5576161019354,380.0991561885834,52,1.009932916427796
1196.6314546057797,642.1980305232236,523.2321748474684,406.2298548370237,66,1.0300890196610366
939.9327646460812,657.3593748148759,585.9944353108656,29.66030198331758,164,1.1406833696784346
954.5533867290544,517.6829538289054,551.7964819650327,785.8342623064168,180,1.0450789993650165
1157.2494444350282,631.1580910018562,540.9237111491805,723.5072622544195,45,0.9432674924566182
881.0757503031496,687.3539976626905,563.0081769223524,992.2281661929134,21,0.8858185896408538
1047.934541810476,639.6275456026297,568.4865002593588,508.19968833259577,177,1.0776182604259508
591.2953089556287,699.8307587567012,558.7123782199817,938.3835104881732,104,1.0057559194234242
1103.67654078227,651.671988189464,548.647060240947,411.0022723992212,91,1.0556269380327317
536.8022973925688,615.5137758789181,506.6805774984819,1167.2999549554463,67,0.9498234482908308
877.7950906909382,606.0096414768775,559.6534995126781,817.8324382032283,145,1.0330668516913322
1122.8007663626245,688.1770161289289,570.3683660725679,227.3987358489988,227,1.125034280005394
775.8149969016247,669.3163965867398,501.0141983468349,106.02875556425036,154,1.163937092683992
927.2961090947962,544.2629830108453,515.2011697507222,399.81811716602937,209,1.114063210974506
1012.8368931813995,511.5800625905148,584.8682847054445,526.3757580041565,229,1.0780407764351
651.499264229192,600.5149967261842,549.1963280585275,923.058912213554,23,0.9031701084757096
1028.053840810863,518.9404300342397,543.342062201709,502.9589925100223,4,0.936677117328074
551.9943526227386,687.1019233033842,587.4720572963186,162.80675856412802,78,1.0708054865456187
970.5021045118382,562.5367005436856,564.6632222564982,95.7572953127079,100,1.1099858219010474
1112.779164461425,586.8862563807107,529.5355986687908,319.3545588435485,116,1.0949252061155486
590.243376539875,687.7861607344024,538.0795401945755,631.8519465554749,5,0.9358309281081786
1074.3221259172435,664.3889895534734,567.1382759243314,1.8255189331439807,105,1.1257127343166142
629.1086962814103,549.7448389012485,514.2385478139047,487.2539027509174,28,0.9651044844909192
840.910266863682,610.1047418657537,583.0755506971559,46.93539685030754,20,0.9578118695699256
633.7834950151881,610.8135510277958,512.6260425663357,1004.8897535069076,170,1.0236518979306255
1164.6066830565287,647.6295222069674,576.1777914341783,716.3797932056592,185,1.0449845290426405
832.304450045357,574.4052770007836,523.9620339665469,169.87711085695406,209,1.1571454070895837
863.1889740893432,633.4796288536329,564.2872247365523,196.887049636028,132,1.1182040024346562
1099.9842383270163,655.036385735324,573.0986197592924,861.5688583265576,179,1.0282870860316085
614.2543461468106,502.65354993860086,582.2847170898004,1079.8285496432984,60,0.9315274630677428
1153.2219840676637,672.7833585660882,528.4379088867356,126.07169794602038,3,0.984585416645663
914.3888281644656,531.0406812788644,560.0932226946784,344.7791160705096,197,1.112146293128034
963.0637040556146,571.5751238855521,507.28002325303976,71.58747219933605,198,1.172881756109882
888.9321924122244,542.6522870539948,517.5461849048343,714.0346351241991,36,0.9399619094249488
598.8688406995489,524.0130484324951,575.2585656445813,697.0472347617025,38,0.92467196510547
539.8637937877161,667.0724020809117,510.6772107940709,443.5757174562797,156,1.108175181083778
840.7714799347891,680.1995454453695,586.0112892904016,47.7690758501518,171,1.144148606758829
1044.1389248984387,623.529690113307,563.2084150882716,1110.6673862094965,127,0.9845039265317884
1061.988866469088,626.4133969014055,591.469529796832,202.9374856642229,229,1.1199510460758275
790.350422047853,521.4162999494627,572.2246018749466,830.9480715635203,237,1.047990840270621
1062.5749077705132,565.8056126693492,572.5019623965653,700.5113077836396,160,1.0460690809446176
663.3875795279762,617.8996193128814,526.3880907769264,471.35640944960966,193,1.1062876706151452
729.2280761008153,566.7421484531584,546.9397513319175,1108.3550313052203,135,0.9976184920472044
936.9585035641442,579.4088073199307,586.5186343354358,423.5392274011417,42,0.9464680146180604
514.6742885359075,598.1887813322604,586.7767063701249,1121.120207835016,29,0.8716618933578304
1019.744441450792,678.4953738628901,580.8735961957107,935.3541176375084,183,1.019174669447832
1051.460671523067,551.4080440503145,574.710925467695,919.3893675927674,215,1.0266492738794497
708.5355952440523,608.2595688712153,507.89492836523294,212.2331148777043,143,1.1393829514586755
508.6110433664626,633.6032654652315,576.5846540474466,1107.209664098008,177,1.0115640908608092
655.299880107618,600.0676804352888,553.2795379317356,366.6476215903757,221,1.121989810239753
620.4079526943224,643.8406280941583,544.0860226541242,925.1342772783504,76,0.9835187345902312
907.960980314005,587.0317254973626,526.296184663041,466.8998989849997,176,1.0969927002394748
1135.7888014716557,540.3925089318706,567.035199070019,375.4025713288766,6,0.9333550173449578
1090.8972623154932,543.1622019439632,590.7890910859088,695.2822640929273,147,1.0347974081072204
601.0303639369981,622.8182843048103,595.0610419797906,1182.8440542037918,162,0.993299117131822
1127.2629501615536,537.1379556114805,532.8392001411818,722.134733472678,211,1.0577941731641334
978.21225952755,692.2257838861252,503.27404246588105,1057.6261174155404,53,0.9316350077267292
806.660075783346,500.4773925300825,542.290527037798,1051.5928723744496,227,1.0199798889311107
730.3149916730845,620.2098159081735,551.1753517296452,431.1738893286938,85,1.0553561306022967
620.2251260708497,581.2707403831766,523.5602793605084,763.3288172627452,57,0.980680290591656
1097.0393581979952,534.9052169449832,503.0731354939021,234.56576439066225,52,1.0384831592591293
650.4069998173309,637.5065703057686,519.5372151948029,292.564041673252,201,1.1371949066730318
1015.3659616747212,576.7903878233716,553.439018281111,452.2535513641221,50,0.9835853222909948
542.8002645430552,521.9688195928663,519.3096327819279,35.28080424039053,152,1.1783660937593246
612.43851470209,558.3331861047496,512.5833941383682,509.4274183508573,86,1.0564768877088822
1102.871796565808,637.9457413039631,583.6741965676923,806.6214304474456,12,0.8827996234987127
509.82234852784046,659.1386999113636,501.3064252739228,135.87064015294655,216,1.1757147209110104
539.0103922396856,628.5784347084548,564.7682832110469,683.5320772524366,137,1.0559774063525138
1138.2221961004152,580.9136917024081,556.2865399576579,1169.8038641560615,246,0.9987458637283796
758.0555907467959,655.5328068956806,571.5954080634724,1000.9259962251056,82,0.9692855790478018
671.98607064743,685.8354218607396,553.7964873560796,1212.4345484929554,68,0.936930631503516
577.9380624193136,651.4549014435503,538.8648102263145,815.3479655313089,164,1.047980457204163
918.9814404882316,670.9415993804805,568.6299238810035,294.6345926250333,33,0.953434650565112
1149.349257014156,637.0498170943972,512.2510771438446,210.0444490380628,23,0.9854581729579472
1090.1559794166708,646.0949194934682,585.2893207522047,960.9837487070508,78,0.9581504815112056
687.89403568591,582.4912819829292,537.0125733371767,795.0135740022845,61,0.977818129382548
792.8834615470564,698.0744696308849,533.699481543478,886.8850735818571,118,1.0164004839119265
608.8223454681392,647.0958320437207,551.8200456909652,984.795646211192,193,1.0284049462369285
752.9168836944688,671.9760319124525,547.2142256346582,421.9630651946927,99,1.070110497696689
890.0406383797883,610.7881961507417,541.2247157633244,646.6045139858073,199,1.0710919998157462
909.032045951131,519.5555423131344,541.8310028922411,606.6852969695353,103,1.0458232730776202
1091.879489166262,527.2284098603981,505.27778146519046,400.2356407917375,95,1.0742352620654845
1175.4729684655415,520.6213420536775,511.24504609049495,1003.250293881002,217,1.0175993248633242
1017.592640325565,501.52628223908255,528.2607480969241,426.8091991703337,233,1.1085900046054096
625.2700141016617,515.1750601772017,551.401663756724,1127.7010077783132,123,0.9916602720034892
864.7901817297573,587.9842415191608,560.9567983840969,314.24396561191946,175,1.1125188483062505
720.837922523795,675.2372890136023,590.4247084833881,685.2079515964459,205,1.059429383924513
609.6056328166815,506.5090585830052,509.3763727302359,1212.8778541434622,234,1.0050257770782636
568.8702793052137,562.7257643925758,543.8280190730422,223.5485464639655,240,1.1509710182004862
622.5289580881374,646.4188073080564,549.6792209260228,1229.87527621791,57,0.918724053648218
694.5566096873614,527.4001901677252,533.4951793941835,937.180404493464,56,0.9526594532012842
573.4686950647367,536.4774648004686,500.9588696624061,726.6448583291202,236,1.0733134727330949
915.721635469115,506.8400609718112,566.0059421210639,429.7629222361181,122,1.072340794431616
869.9627807793674,595.8321077606159,546.1722031690143,540.1111590827812,235,1.091819483003993
875.9993471971385,611.080378648973,588.1839110609108,777.2111393669132,173,1.039004109265365
1039.4804434436658,637.2965145419921,518.0792855755686,85.09733796155537,40,1.024237758974213
1115.8895641827187,609.2905895774428,595.7774222803491,389.0517883510221,247,1.0914413528820963
712.4442996455864,558.9127525307791,513.9758733747942,1143.7177360679032,226,1.0094142105016468
851.5105113654508,599.3251653959204,506.13567630813634,824.9818673145461,144,1.037952996028518
594.1826741606176,542.4565527266533,526.4815763210864,109.48147174649112,108,1.1423346123049805
537.6969086765138,503.8269918721649,510.525194335845,312.76329933445726,236,1.1434831515609147
876.7225916126489,513.9629077220993,573.2552290958379,213.04722081211835,74,1.0580806936977205
580.2969763717826,523.1468502166372,528.5229901178136,1048.562160976816,68,0.9618073546208724
1010.3950544384328,585.4669473082214,525.836647956088,622.4060358290301,167,1.0667237604035678
1162.48473936656,559.0992651720024,538.9474913132791,1141.5515495011164,106,0.9711186687670542
707.5765896948302,663.8528604425242,515.6876619202545,1061.8827749253437,71,0.9620054365468732
1008.4081462291142,636.722016693283,575.1935497122486,1178.1438006554818,230,0.9964423099757128
541.2843188442998,610.2180909607694,535.2623582407814,1036.1518959423756,168,1.0186471078672286
689.8811413817573,675.0157270414486,560.4902277513987,654.9498560886615,140,1.057238518578432
674.2954486430308,509.5157876476203,530.3910432491476,580.6423831240653,42,0.966334920006135
967.508714885701,532.0011857084537,504.77148679683296,39.1643480992517,104,1.1471788837504828
639.066060571951,505.44583515608406,546.3192702587066,1153.4240839308486,10,0.8818160087435559
695.0620423783093,541.3237449746274,552.0526234413295,188.87604842022435,77,1.0833090893448412
884.5960610419941,585.8741282155149,576.4381483683374,878.6786925021087,207,1.0332688425655614
1029.6841370728666,640.594771664935,576.8326235877942,958.7801374694242,136,1.0040216146287386
696.4763290093825,503.7274244812506,501.8292808968479,263.1034633468482,241,1.149376538659941
954.0109809674644,592.9950127184884,569.5146010323091,491.97941536600734,221,1.089112643008301
794.8580687084735,643.3960141562069,544.6825658716903,1173.6985994398924,164,0.9959992358779614
982.914401410667,690.8823510486947,507.7705248878776,328.8240561166237,161,1.118362580518348
988.497013035322,552.0836312037334,537.321449287383,594.3575756708625,35,0.9412566279440162
976.0963502655798,548.1762607786093,514.0308743833635,246.43878568165715,22,0.9812422272112836
1139.304782487909,572.4265693631924,523.4498694325011,840.2076714590403,61,0.966708158757927
788.2373232433877,619.8700299553823,514.9907715328363,75.31232774481575,11,1.005856990042201
827.6221258371594,615.8551157593145,528.6780982740959,347.41378742545163,56,1.0282578346510702
947.5782863417378,650.8848149560699,513.6368838351452,1014.35913263443,220,1.0219516765132417
641.2390076406132,617.457503781325,590.8139019803915,101.10856161653965,32,0.9566373157331318
504.81033905660536,621.0240005916271,503.7682274011809,996.967697876251,3,0.9136281835963896
545.4322756179944,591.8360261259222,543.9511483405845,237.05993959293687,62,1.0563362350621095
984.1316651813815,605.5940082510415,510.08694597627454,68.25118611514203,81,1.117161628269583
1172.9104601471108,529.6148044541559,513.073470188213,268.25833004206714,13,0.9752785914563088
1165.672685753752,695.3366615398626,574.8283786909975,757.6652744472334,45,0.9230439790873258
1137.4666066816426,501.6437729108692,561.9843748972037,1111.78599723067,162,0.9935659612470362
1178.8351957931732,653.557834834703,519.292291053899,1091.3704208024203,58,0.9310154714490873
594.5931284012796,508.6149390850978,547.0773323043583,1164.204006319046,109,0.9822059071795598
929.1213023008606,510.30724353648833,537.5739444914891,277.6193347884887,215,1.1323004408985826
1006.7277660091322,559.6430280497863,591.1220000720575,904.0910890986672,212,1.026834223334046
901.8382383440742,642.9031138495461,549.0588651722816,1096.084149172886,138,0.994696043821837
1042.674359800611,573.8721288653517,569.9212728825742,306.03036802830945,148,1.0973802444418908
904.6448138590408,537.3963232373803,546.2780726333194,553.1185114117923,169,1.0776640517723373
930.8971195925826,538.4942201102947,595.3538872140749,885.4077184488459,128,1.0044702359159627
924.4606766023038,556.1365042152773,501.4399853593104,894.5809094286258,143,1.026278070952075
1152.2692101006755,569.5772576390011,534.8690173879393,183.99671600105825,211,1.14242519912717
978.8474669474348,693.0960823997302,516.4011007432198,916.772282807481,66,0.9662782926028104
847.0017709798941,627.2156378369428,528.1731724270811,729.7680843886071,243,1.065080681084995
785.20392328962,577.3677000015533,560.3961161664284,139.62376639140354,204,1.1499742733417495
1033.6649109402842,659.6927195033578,598.6328407995239,883.731310682121,29,0.8686531608529637
999.0611832774232,521.6058447963458,547.868453230907,1037.4939784538185,228,1.0163638925125706
767.5459397396071,602.5127926260549,576.010668508193,23.67460809756537,90,1.1099711636015408
913.1495861843036,512.5749525355573,578.6590338119235,273.2397858981621,97,1.0714893437774748
1060.4965898380824,552.2970281493238,532.2781072986536,833.9164946776931,191,1.0391940979138836
848.992372099541,543.3719072367146,568.8617811998976,784.0492094875716,107,1.0171372908599092
945.306601784694,538.7659533711374,544.3234240906814,94.81452435447738,219,1.1612295661399878
1102.047875079525,678.3894520519848,574.9028594910743,82.31538885895728,81,1.0807742259599735
1089.9708099919253,645.3547041761805,524.208703397359,28.86593370244147,150,1.162263484276152
773.8027035020173,516.3729454397113,545.3005716865882,880.6173515863578,114,1.0160676682873302
1192.0905687599247,579.9008017194432,561.6446211458333,931.5123828174592,96,0.985798576410674
576.5820444663635,604.7970323101956,573.6129945980093,939.7609303795494,144,1.0215540217428307
1124.530475573255,611.4599324377351,522.3062866560101,456.2236949811047,222,1.0999766603303804
885.3623292017694,520.9982996417087,583.9189608571019,1198.9922755074556,218,0.9955150979905372
896.3475102072736,509.65845683348033,598.2098747213531,434.93366600025496,172,1.0758637073922557
925.016391657595,551.3242889054621,570.7746419643464,1034.6306882375309,161,1.005278195123652
854.6332503875503,570.4131164018162,528.8151087433862,208.7439325838713,219,1.1499189864784118
572.7339605256922,599.4980923943316,576.3743423435669,75.39436895424568,227,1.1636576616557337
903.5246782777888,639.57832670215,504.94058608796297,986.332035012978,197,1.024576238720262
1181.3074092992304,541.758261565379,541.7401711258101,287.170011792611,229,1.1241618129012487
1116.0003358209065,636.3172131504683,524.1310199822634,381.184762411568,69,1.0421387032731968
664.5828071580928,529.9033622657788,500.39720647237294,640.3322315641476,12,0.9477233131611962
1022.9669999887938,649.5620202283969,531.6816046890556,447.4020033934779,80,1.046295237758577
586.0266873847645,692.6544785218059,534.5391556766679,812.8521616948223,146,1.0458843174295087
712.9341389106972,547.3616086033212,582.53801228447,1038.7323228185771,31,0.8782880332458365
688.3194029669046,614.1047537624894,561.892713381085,762.0641643367916,217,1.059217866073407
679.8249431220667,673.0262347813198,555.8105071990036,1008.7152590384242,90,0.9821835606263948
878.6059969876865,556.8881642162607,568.5382101398039,770.2960487581817,227,1.0525934569196496
613.6910046156186,639.9739305596379,558.4487806239358,1131.7399523254962,210,1.0119225699170562
892.4940685909312,668.931633355342,502.2873558279864,839.2938430333128,14,0.9226368222327556
1101.852098898018,688.3048609846503,517.3922620340736,1139.4264351029371,130,0.9837312338447164
596.0897640538544,602.2945760017209,582.4567619971704,223.03153244267463,60,1.031378060558244
926.2563639037832,536.7809228137976,523.3296542995126,1203.8306634901369,23,0.8807924435308918
1013.8229204368736,653.7942140522546,572.3349772990841,603.7209218386199,245,1.0720456989769216
1159.2448022482172,636.8238052024884,588.9215136315258,439.9432620875184,130,1.060252554654292
827.5450058448253,523.327937392989,540.4363850314923,383.1154095594733,147,1.102117789226894
779.8573005201977,532.4672798878148,597.4044259730653,647.9045720939881,160,1.048594068628103
818.8160652739435,518.1355704927465,520.1742689561012,523.9584215786917,55,1.0034671753803202
513.6994327493628,564.7028047494713,594.6742934179581,1084.8912946856224,223,1.0179885439850922
1015.1939080256244,691.8243685764858,531.5455570479259,163.6831972481898,102,1.1116687227016846
1104.1612676143563,502.4159153491696,547.9478054575009,132.56442031134517,49,1.0253725937317864
1053.6124567186205,693.7361949460436,505.4149266532951,888.3400381796732,175,1.0299327992722525
550.1745555119986,655.7443252451606,545.0026691099246,36.98402841512724,197,1.181067113252798
1052.1188127862672,578.4151108795271,527.820969807025,408.83508543802,51,1.003267720363908
742.4042352821812,690.1168059873228,519.8806098355216,175.3852909711343,193,1.1537458289862577
689.6178887228541,607.9940651766788,579.2547374781325,1205.0387691813085,118,0.97665272344318
845.8069237325334,642.2667665299348,571.0412989448411,1199.5726520290918,5,0.863017782244585
1144.9588992728875,504.5284426575976,592.3316353394893,931.0283843617768,244,1.022209869530047
1189.1752424590918,658.5201475140634,521.9791735817774,1226.0339209301376,31,0.8774561925881941
777.0131614882648,619.3600089997029,599.9546534583284,1056.7233483976297,115,0.982274657325885
1024.8055198197262,533.9389992105868,554.0612321074932,522.4901902765779,89,1.0379076054680507
1140.2462133866002,571.0653121057669,512.8428633065832,860.379762587691,79,0.9880717190242958
676.6066616652033,541.4266085496611,593.9595318312982,241.66968335992945,190,1.1171282654620351
1098.9837857665186,625.1486887346855,582.7973903692599,838.4385820228944,239,1.0381521020827864
740.804866176563,642.4467403324276,543.6694429547155,773.5777784680026,14,0.9167755418733426
1179.3451285634255,604.4399629652255,562.9284578606232,1000.0789301857988,47,0.9094974704497452
614.8613483886868,682.3864355346673,564.5172456913194,325.85174458678364,154,1.1116525247182103
610.9845144188138,671.7832178861221,504.2262038851746,629.8975847161649,143,1.0716363835221143
811.9398308721244,515.7755422238355,551.9701675592594,870.7829338674444,48,0.9360705521873338
733.5463236345604,651.246336641932,590.2314644404602,1175.2911050930877,27,0.8595984819236675
1197.275073096544,556.4945631185632,583.4019049054258,1098.0852863816172,47,0.889795996214412
936.532225559532,583.2234992143788,539.3484366609442,998.6887152532538,224,1.023166390383056
516.3856864351729,622.0776774467178,555.0295258511989,717.9057566397233,180,1.0664875685741753
701.9934532425985,543.938295675849,576.763689141557,874.6947342183181,20,0.8908195789783352
972.3129651744392,638.7914545164001,565.3797438810022,548.1813849840155,104,1.044597868784986
998.0725473384076,567.357995779292,540.0579163397298,265.6637249092166,61,1.0406970368801514
728.1301157338912,666.0957080193032,559.1868701349719,656.7022538552555,139,1.0558385877894103
720.117343909773,628.2028623093506,586.3921181523767,873.6555000897836,33,0.8902159574450956
658.6736616194733,533.3198666895455,512.9272590565618,304.12530864298805,161,1.1301166997252872
771.5291559131092,550.0613011660467,518.8456195379686,1076.7294074843392,218,1.0188187796281671
795.7439583860528,596.3623478500404,546.0890934664416,826.7451844113095,235,1.0497601831640715
893.742800142326,561.9616715409577,523.1441788586476,1220.5142107145612,1,0.8785602321802638
1143.6042640319044,516.622832496257,572.9024904973899,510.156941110842,118,1.0519789625336964
1003.5089327865468,598.8524036547396,520.5111529334031,677.214322857271,199,1.0647242330742908
1177.4640182144344,529.1776662016719,566.4018975828467,1162.5853263059057,170,0.9886753077657604
1163.56918706145,560.7860150133727,562.0262328324158,1046.6449334821016,3,0.8733027014999312
948.9364570297436,553.7052219640457,516.2651959956419,259.2672335438372,9,0.9785179025809946
980.9997214103576,525.7338107737271,581.7713843799457,1126.6500251937773,26,0.8627348967497475
732.281659632722,644.4999250032237,524.4082516115386,160.5374490405674,71,1.0880744403208205
641.586576898045,547.7337147688477,512.7241624239987,15.234848051850644,27,1.021615703861147
1186.4525770860191,632.2860969501095,560.8055253386582,350.6196908545399,221,1.1080833910580812
512.4311192095232,681.7395453957001,575.608743025727,711.9203116273311,247,1.0701056895429286
521.9018238308581,665.6065389879258,540.6456568047324,850.3519339515848,65,0.9811627832217626
717.6752981702361,630.2369309044007,553.0230785220937,1222.3066401265014,95,0.9605591726127116
686.5736067367911,534.4779383120992,524.7615432072487,788.3557862682077,78,1.0066201594622983
549.1167087518708,606.3281675374437,581.022584987074,782.664756541805,111,1.024762752980823
607.6930994874955,520.2927957068546,512.4188787546227,530.9908988012742,244,1.1035625956686654
1006.9063738797836,663.5306960187595,502.393977171348,51.633061534995385,194,1.176899471880673
917.466118258031,504.6280383055439,570.518556634582,156.12908107521042,98,1.0962910051881098
535.2278450486128,526.9045030846898,502.5318461358378,277.9611785347273,213,1.148002843575444
964.0503331639278,525.57507454617,539.0164970445995,545.579195307475,81,1.0325916621309508
1115.1745667985228,506.02028567441977,565.2673697407366,1022.9376169323058,77,0.956902387130268
1018.3500862944808,560.1306432988022,510.1311858031676,610.9573385635404,222,1.078928653389238
1105.870295331949,603.2271523320187,584.688656184047,44.59946357541468,151,1.1321745547554531
541.4353055315323,512.6557813361111,558.615392261361,1099.6882184351216,221,1.019074787060281
640.2963644838852,661.8859176206706,591.5195902896676,428.5101800371263,24,0.9198426353294982
974.9400541380304,551.7624167026128,574.1692721031267,516.5852825365599,64,0.9954148170098336
667.0710604636699,623.7280828005375,593.2683915471838,22.84189585581795,73,1.073641763965157
533.0046180176525,516.0829822428675,532.1070405180085,1124.6668620153544,106,0.9876041164166128
929.0955484351437,648.4395854359775,536.054033569457,491.32551228953935,63,1.0152202637772163
661.1071279418508,681.3302425687945,542.4589910516654,624.0251296386184,16,0.933386669535202
523.8952637903737,574.9464243675912,571.6727940392118,494.9215888384708,113,1.0701215082466853
1113.5379068958682,667.4268328075045,597.1105095053847,614.2872211832672,95,1.0100362393016278
631.1630583666871,547.1234295149611,536.824826464358,896.083271455103,151,1.033126406479507
1171.98742603158,676.0240617385263,530.4759930014791,642.8808889139341,83,1.017639804936354
1047.2986264603064,593.5058871561445,539.5399502678782,360.7182307092517,50,1.0003393769562103
872.9370721289984,638.4295526048069,552.5584749308858,1137.714704328274,111,0.9798668550585592
617.1577928369852,538.2731256846841,538.1097116779895,632.4726080843097,135,1.0642722706036123
667.8817436688764,500.1763368884267,517.407455756109,179.08404652053537,136,1.1419396019702308
608.1087273501131,686.0437455508268,545.4610200843341,378.1468709548859,27,0.9604763277963332
905.5788138800116,530.1474336673331,562.6199298708844,660.1779226891367,147,1.0528003375216022
1175.8945696487824,660.6298977768296,536.7932742939556,831.4026856421171,133,1.0224093906770575
1060.8628225877326,683.115613562469,534.7913293675372,64.3223142522353,30,0.9959944749427688
975.6282440790578,593.3798964569302,592.4580918882459,8.477261167996424,36,0.9658325934205764
952.4749359828654,699.5468496265324,522.8088223016405,267.02926557152625,229,1.1370317400537806
1095.3257454342263,608.1836166332948,505.8066806738835,736.5641345472044,178,1.0533370372809143
518.9773660101097,564.3025739936039,577.3461711419236,245.07488026618276,53,1.0155544785430404
743.0226880129848,677.2050718790267,537.1764325666805,934.4098856429332,181,1.0322295238778942
996.7788920816632,505.62038443782274,562.424883749583,323.4792873198682,70,1.038959370817581
1126.1410363602467,635.95603485918,520.8724527556582,250.97669591507128,34,0.9843716415612774
781.1864581740069,690.414814146269,504.4525247055364,310.6675712884443,183,1.1304346011872557
604.8163505436361,638.884217835694,562.5438637646809,1226.552938659661,74,0.9425717106632676
834.527527554884,603.0497640898859,524.6340519826532,83.38182522628172,19,0.9988547117593356
685.6252102109352,680.4603582159459,514.6195230488322,3.034383535707861,114,1.165796539071072
1036.2156204245944,672.8599165032192,585.7997898690028,618.6983590989265,245,1.0664427442698512
1053.8466522150584,549.0337405155296,533.7485944831589,1102.3628507987494,32,0.8883313851916589
528.2706508879393,659.2212932762001,538.5605768966394,58.23972415599656,22,1.0005398938654655
1038.1338657055794,626.7260724989336,533.0744538552852,214.54911044346844,24,0.975702690504188
1128.7849541164314,517.0870834522299,532.3992371390348,240.33687780664107,35,0.9828400085113655
817.5622694394644,674.9731735386645,566.2552452139084,315.6686403714123,60,1.0234908777529934
916.421652369428,639.0843527020696,566.3733387548423,542.9750868367656,206,1.0826807422718354
851.058065619522,609.1935480388026,558.0933694157751,181.4576511129702,131,1.121198107418121
734.6310041081895,607.2399820402314,538.4166056445243,280.54260705284514,143,1.121582980829465
950.2207411971305,599.1434978551412,534.9584507624376,1087.9768651717543,145,0.99748466050399
1075.5944340048488,621.315021939122,506.4544746689541,698.6816779895897,12,0.9319639953203284
1005.285119817653,642.779917403568,557.7280787501873,1219.6286005314787,243,0.9949134048127052
938.3592715867446,572.7160201652348,504.07210091266586,670.3581518137928,155,1.0620775572179575
806.011756347766,671.5063935005264,559.0350376552267,518.9628005239421,94,1.0467399009971314
559.8439653847307,628.1368141642748,587.5709016676554,745.6079617034508,162,1.0487922050896077
912.5075187371492,649.0748004311596,526.9905658290456,501.48138738200913,2,0.947104102413844
760.5901963903054,657.8785702545376,579.9397976041777,953.6986647634296,237,1.0320629169830973
926.5185761208718,680.8726319512784,556.4723408838972,263.04108494375714,163,1.1179279790126646
570.9573862892871,560.5803147194936,577.7725938036034,120.71952726648306,21,0.9632359719893372
1004.6478120022366,518.6599478370188,532.9978379529081,803.2060552728045,202,1.0466271816457553
1177.7038464281131,509.1531000561404,581.4065171167204,373.6532649464887,212,1.0956717132386031
987.2572200539624,546.0985963454219,599.0799619095933,1150.1814228633966,240,0.997533194069207
1153.9714832691966,697.841827989658,502.0675371521722,1065.9596645533252,83,0.9674094476597674
501.3284956315589,597.3140325826647,521.0719579842088,1130.1284201539315,232,1.0177571279479762
856.0642763624772,591.2117606253357,505.5553038618503,301.2508772441361,13,0.982145826030562
603.5057631597018,624.4710053241481,522.0669002857472,1070.162181768856,195,1.019403721726121
596.8654378029353,695.4564434914724,593.7457085665884,944.3734321261064,172,1.0243622076878185
1187.4442040624049,556.3851199150361,567.4851678248153,724.2054253617747,114,1.022368886419615
1141.005869384555,683.8771185978429,557.9252092193683,271.5175646201029,8,0.9493111932240964
591.7150632519039,536.9764360937969,548.718538841296,151.7537227089362,125,1.1347167069022446
1180.9901204205364,692.8519713948594,521.590634805715,620.4795205778399,240,1.0749317433606913
547.4541698118874,528.6657978342607,518.1769545872128,977.4991957862744,224,1.0379114063277968
774.7265868088804,513.173941233036,505.0860886019108,1190.1775792620697,148,0.9906118099606072
992.6446938532752,596.5129469314986,536.5553679683115,351.5266635923373,102,1.0815559087451247
923.4206311752718,501.3701940326604,592.0112818348401,388.473963567781,54,0.9788821251705494
822.2403419132831,690.3392411081672,515.1073629963272,441.1579081952518,140,1.095641192262932
1141.4710128754482,684.7937285626402,554.4257651215303,31.93939151561996,51,1.0426906319082818
1107.6482625778572,595.2129284307173,550.1888469680357,496.5865384183039,72,1.0214776637075604
670.5732697900878,664.8197560094482,554.3285682614578,191.5512741194492,30,0.974960205885568
920.7990910767654,588.3240633909153,529.1752974954641,707.7117061893035,25,0.9251904653057058
527.648847460275,594.2889468436796,518.6075662942668,124.56629500093504,34,1.0155095751045973
969.1601668989596,509.2578013532668,559.2731511946229,562.924416033751,86,1.0295520956385649
726.707613379693,617.6810299217743,577.1158231368493,367.027048204682,82,1.04915771608113
787.3273480845519,530.5849415790082,505.7030925777546,61.94355512588228,225,1.1844398894711168
900.773869702711,592.0192716063168,597.3876147536527,411.6053497754293,179,1.0820189346980842
964.6000533665732,613.786433244945,582.8026824903889,346.5866973961664,47,0.9730123500281256
861.4543855798056,508.4533401219185,594.3003350736744,1037.0206658755046,242,1.0144200854197254
1049.4977877209164,581.0852074180402,544.9844725604737,40.6381494414289,173,1.1590291738243743
755.0068571052432,674.4401956370598,549.7393171835135,581.7314557488469,100,1.04666484019463
1182.2875943231584,696.3411863892486,528.7879301692694,450.93585623504873,93,1.0573213334735236
660.5994860477717,544.6377614216631,571.1174127180303,56.71448978565677,239,1.167364508746856
503.3058203752916,559.5353224055947,563.5369838927356,1148.9074497107945,171,1.005857158187235
1184.173075333962,679.2630416455486,536.3446086056573,1109.7454352402283,231,1.0051141941461013
869.483074545783,674.1176941836954,527.4480805742456,966.0043319910816,123,1.0072950109533565
574.6073079702883,508.9605938208399,509.0862702379509,804.5566438884681,37,0.9405433136104971
1095.9989445262158,668.7140452353187,588.8992271433661,1145.1134211236092,218,0.9983761343530164
882.9135204319049,660.5931281531126,559.3144372640526,220.95827416443947,56,1.0295584385101535
909.557490575096,647.3484308303343,581.366765538051,537.1959921546536,37,0.927013696026556
568.0941548186796,578.1274656700164,545.9970291597281,158.11909688511383,169,1.1510384151281703
636.9808998015512,507.202073747308,522.7592373303182,406.8559578413902,198,1.1181793645758955
857.0478315365231,577.7161610394483,577.2558425778888,343.86815339353484,39,0.9573619348083896
1079.7387835647585,591.5669523562516,569.652413858146,825.3201238686935,200,1.036185122160009
873.6665895661255,582.8893959139034,536.4002424970166,375.64721492133816,187,1.111964161164384
802.2615338418349,539.9469890106043,554.8512973197203,1230.76980601548,125,0.975782638375894
1037.0926248072565,645.7571052317651,560.5904622567779,103.54231522585675,198,1.1487308316970588
1083.0550727589184,630.5999193374571,515.3441246471467,239.4908977478856,7,0.978120020947434
859.7557310591889,648.925952857051,540.2972740131058,730.2840961943118,0,0.9185757980878596
1023.7618428148352,641.5240848187057,594.2322855394847,86.58719442353818,210,1.1347864664923704
921.707430888668,619.1603201864959,548.944311378252,407.80200161809904,128,1.0863324171795063
782.8224137251239,531.7195912810583,514.4788746938789,138.99402500481202,99,1.1260832993565983
700.844026213399,550.8628204294063,555.7119381604864,1024.7152498972946,193,1.0209326536236674
553.5869305024072,571.3375217269362,555.1726739633566,535.7628197571155,119,1.0695336257112966
639.5500933973875,589.9188081163389,553.519431181183,897.6941590509277,176,1.0356290794081515
898.5187090902,515.8270564958575,567.9156948364675,438.0974914299494,191,1.0941400451616146
1189.788745877887,515.4771438357486,577.9794538798233,972.5564663606076,188,1.012465736134789
517.2821667714086,691.3209229154284,548.312897457691,761.6216372551236,85,1.0172721729148733
662.9754115655485,534.7544834156412,585.1863634649684,912.6884209666964,122,1.0099944472520404
873.9458455563116,593.8127888899493,556.773221562966,1033.3090331862636,244,1.0209805533548046
863.8218484110085,656.3189740745264,521.7471002798369,260.5900419491793,163,1.1304719642256835
645.804569320887,573.45077851573,595.5446772635495,521.0895724826138,241,1.0841516233206616
763.5822363623145,648.6556711010252,517.6672118663686,1028.272778724072,232,1.0247393729374283
532.5837702422054,540.7596722937303,537.2332624386203,727.5243876509376,122,1.049105255739725
510.5126907847389,520.0406984297302,594.7902527972539,799.6117331623575,28,0.8891339428608392
981.71234645682,510.9501037185975,551.5402414720386,854.3276409360138,241,1.0422818143466157
1142.8755460695593,669.4919683926594,575.4992332734497,458.7639429110649,55,0.9801169468249412
1125.6546436127858,663.6924863649926,570.1933414205579,1092.8948933021018,171,0.9970039988673612
944.987744473324,547.5639180625817,562.275366079432,570.9306112465873,46,0.958231223909844
977.6209755584948,603.4107094170345,554.2086380206491,960.180283743238,141,1.0108261310067947
644.5265231157771,622.4540607958196,540.5198698346107,940.6032911676568,6,0.9037928070541622
961.3499853057205,510.6025897106478,520.3240742032385,849.2439744864027,4,0.9133344374164666
715.9942208194977,507.7464838663614,514.3920885407281,197.64347389606016,184,1.1515448475043255
1005.4148553658832,594.4753759260522,527.14162152439,1119.441413787585,108,0.977869910949014
717.9029581275086,500.32412070791713,508.5459462174079,927.3475443023304,133,1.0225631075326118
522.5404227799332,528.227825644119,582.3700188888768,284.26863173492427,10,0.9426394334142016
1094.697993817594,524.3994906699867,588.489106079712,434.6028836669989,222,1.0875035614647657
1084.6939049053713,576.0091168409524,579.1055821626827,342.78318920275706,20,0.9277626419683576
623.6959574761963,588.1496649064964,585.6085902367273,626.0519650503991,49,0.952803605604495
977.3055482221872,697.3174983522852,526.5353386196534,70.27014906715576,203,1.1669521899166355
1002.125595646648,616.0119332600162,586.2625159234481,1082.169783880952,164,0.9980815990425213
538.1632607105632,685.4363119829605,587.6751719494399,442.7150767499156,77,1.031047240168957
649.0566663333551,553.2930662801213,565.6532860757831,869.1827689312018,91,1.0012621974323233
1134.8255871964548,553.4436517274637,541.5239595600805,515.639706625076,208,1.0867057910518934
1001.3663027647348,600.2136474879408,574.6056334720059,924.488790836986,39,0.8968286003780701
740.2595838102987,667.308903372853,514.5643292669494,26.934967855539803,2,1.0117277800794329
1073.5756685901174,584.6343007990878,503.5617995071202,988.7716210832118,174,1.0163989219799057
699.0309123913814,676.9737634401341,526.006684888409,111.88108461674828,182,1.1639810721743522
1150.8007195732123,514.8349008975218,594.4465156494113,1117.1780670172668,213,0.9973448553489064
709.2131539691613,535.0514250806253,552.2769694509209,979.789863598274,111,1.0022754001928251
635.9987699451935,697.0415871954829,539.9174935327007,533.8808522364328,216,1.097604234980226
722.8632979707083,630.0089661951401,567.7293841294425,53.2026557597994,9,0.972447778084766
946.6071550127836,570.3243392148789,543.7837439685509,301.8698300575798,38,0.9801646634583738
659.5378083585576,555.2989965128984,584.4544672397025,800.8800730617971,99,1.0075655687179277
632.3146510404312,503.0461290509047,579.4312230268916,881.9949046862338,87,0.9907513843925432
521.6082624358282,678.8901358375965,571.3320175224818,872.750849555447,230,1.0472482098085627
898.2313082055862,594.9511673865268,560.2426773399895,1156.428024795424,73,0.942471319071714
942.2782146562496,505.81279064433,570.008595173754,1154.636280046157,177,0.9950387537648192
1067.4537012544615,633.2235329083945,572.1543168990559,173.12292078751486,46,0.995289006696175
857.7712240391122,506.79746990764266,515.4528849081503,1227.8627275127644,17,0.8815921186339502
764.7739314800017,586.7281703133681,592.5996927149536,370.0242733243318,229,1.1029803881445768
995.948821290472,693.9453024074855,513.2303737366607,558.8320141706256,215,1.0862489445624517
770.3468827982643,531.4798037714286,580.0466027329777,1027.212425016187,132,1.0003423274016228
934.8189528695796,535.8808906047805,538.2653647026477,98.67113552993376,248,1.1662913020670131
880.2428715225394,584.54389877919,523.6735721619779,751.3440419775674,103,1.027744990509846
859.842541038035,669.1408432661287,531.0662344906319,623.5615072514765,226,1.080318177831645
1164.2506391273955,655.3822215880728,564.4486864658471,1176.8898558694389,76,0.938405214197791
600.7954010871218,598.750241771439,515.793098688441,668.9258156293405,180,1.0731607418401443
1085.3509094447322,549.821588878664,538.6879909248836,143.5451612702615,237,1.152179093270684
871.5437008274823,664.4761024393679,500.6096191763414,983.9351864367292,76,0.97607787947152
506.89213885436806,652.5497013428673,597.0972822165138,845.7104689993554,43,0.9107335008024852
1081.3022920363835,543.6175385422184,554.9390663285992,579.9575679235408,160,1.0663087628425656
657.9059602641079,513.7365945202016,550.9031113749734,701.6585460987538,68,0.996896402014242
650.9325669607451,597.00920108493,546.5996102230006,1158.0265763459247,136,0.994515215183452
897.0909391978478,522.9490161575109,594.8213097919702,199.567677616471,238,1.1225522589371817
507.9688355663118,626.0331697087528,569.0190463287795,78.28933161283594,148,1.1513046696878313
729.8025317173724,621.4868117553431,599.1887981148933,483.81044145332095,8,0.9010252142487412
803.7703070357383,602.9631872972717,506.9228818828562,755.4727310391572,60,0.9865280035940877
602.5829083945047,517.85767749274,553.1106932334311,290.7347896327926,8,0.9621462208202342
823.0078611476831,618.5230711523482,525.4892837021096,108.5736082444142,81,1.1076419378719282
1133.5649604989069,651.9344263597568,557.6478779639833,779.6639465591227,228,1.047035200503692
731.6005076285933,608.8687268105878,563.8233626511352,247.49506095079957,200,1.131836804643471
695.6303216271881,555.4691099868203,501.7991347071485,25.12468711846976,166,1.183436132407942
1168.614998112591,523.7405906169994,563.7421686956511,789.1746366323855,240,1.0432168302868197
1146.840823067707,590.9510386608208,559.8176484321555,854.9719652874267,234,1.0372249009510426
1136.9207248875323,607.6210551722742,542.0392350931826,21.635681858585183,0,0.9876368613598848
711.1819775461861,613.0042161541159,525.1273117572407,957.2956243212672,60,0.9567271957405308
612.8460823131122,695.6502050445232,560.1268866298507,226.23247154925505,181,1.1354009529770723
974.566683268862,595.0920855146098,530.8615312064643,657.4364553744103,29,0.9325885212296792
777.9084747220463,548.9129301442192,595.9757827160157,678.3818524112586,94,1.0100554599205482
1120.453806169195,637.6406440782749,540.1039735809197,146.89893625027435,139,1.1317214574593937
1034.2106624485214,654.2114773139581,593.1799640172809,463.9020501856406,45,0.9446072925273628
752.3027771669824,539.4601507350976,522.4887327244373,190.9846420460136,157,1.142875622476628
1069.1447068642797,632.4280670678884,577.8622154811893,270.17020833036963,88,1.060359831810571
755.9070016177616,602.1330319655808,589.2707290041751,1068.3053227428263,121,0.9885734056999208
764.5819273931133,633.0162672676493,571.7274539455361,470.1594843287929,173,1.0873761891420497
951.2902133543696,666.234822368159,501.65461500495,392.2941058048832,76,1.0575130764469285
820.8828561477842,545.6211045953718,574.3027184100451,892.6898740979842,148,1.021801167203905
1045.038740245595,650.6508521905574,587.3021487386603,416.5849016335155,67,1.0051032300700409
853.351334270644,578.9168207305618,542.3850158424573,321.80299344144106,139,1.1056452681794262
556.9590889494174,620.8557418921293,502.1648218837261,1233.9268113943297,223,1.0013909068456304
1161.1791395791583,673.9601263181883,528.3062432658311,196.35533950524197,45,1.014974636289346
1001.0825641465216,612.9915245343045,564.3626822443447,88.02738586940619,194,1.1510194245105554
1063.0242091162154,557.3952936234925,522.1528328286465,20.772944146979903,10,1.0033837548241131
560.5053736258516,634.9366548048761,566.69178409013,568.7051251045913,59,0.9938985713141364
833.8197187252697,698.2351995586037,553.6562880862527,370.9541679626411,24,0.9502536443416968
1087.178382633053,539.6201305304076,552.6094624125183,1031.383735390662,116,0.9885938083898038
673.3244039866635,508.1830820698908,593.0619096890997,796.8108877929368,137,1.0279568883092378
825.0334284355374,678.7299338494935,504.5430093633468,1136.5328935361615,225,1.0103708175905677
820.5187029949919,686.3531509115852,597.7415330913904,201.14868628695683,158,1.1087932800110378
1123.2441712490586,654.9813099420753,565.856807527356,1232.114775143337,220,0.989309940838606
515.1467458911263,590.1427882319085,531.8142196447461,673.5361667676287,135,1.062414474966055
1072.9228845341129,601.7688121787088,525.0341369966419,80.170265391873,106,1.1327677693600422
943.1800426794052,644.944206042988,591.6628932790893,952.419000489811,183,1.0186966353939615
632.2643259542488,508.3766444047562,531.3289496707062,147.7288345370505,149,1.15115632159014
503.5687224469202,530.6746287676866,584.0183008040015,352.85267715348874,152,1.103731453812586
922.4950957227788,584.911186391525,596.1533692593543,332.63153686789224,42,0.94856191943039
1169.655694309106,629.0255892887897,571.2177997428895,111.05845599924834,174,1.1345854475737096
1196.0256093575726,578.6670890715528,592.1294413076631,604.6306755872853,134,1.038536550626549
1193.0434793802174,576.5618506942836,531.4988595987061,150.16885046731446,213,1.14883275406132
1064.9490276555366,589.1774534235091,536.1825768034661,60.68199969250559,44,1.029519029559803
1082.0119095249142,580.5306926827751,545.1791486174832,675.6244956059868,206,1.0609978695495588
935.4305306243274,685.6365479823443,519.6470328728803,811.6346016077138,141,1.0355443070692671
808.3590951194665,519.0730740760621,561.5114079913196,665.5734887857212,109,1.0380289839751735
918.07581000419,609.9320641527274,595.2854718515258,122.88436235133508,8,0.9327790188960052
1059.9549713904737,658.0176174697222,580.3078290914543,1161.139434479741,90,0.9517827126030216
677.9319636554948,624.8741032403767,530.7757878795188,445.00184284695206,199,1.1111088678476806
524.5461579680606,562.3133191462346,503.1174806438455,1115.5341534977556,184,1.0134930743066282
750.6632855941052,575.0816042377558,562.1846438403074,661.8741782401629,165,1.0610413807058858
792.0277305376068,601.345231503066,545.7353907931931,358.7271645546188,144,1.1044234902745864
1020.6275685463522,672.5140567745392,502.4171677649144,338.5856923173842,236,1.1258949455022054
1173.8167743781023,641.6649744739373,547.4757920094164,148.25650214638353,35,0.9833652404909172
526.2882943186793,500.788697871103,509.7806833672149,371.9347843874163,62,1.048582036235849
1124.0482497710095,692.4363952355725,599.4463958233008,529.4709362736403,84,1.0063954716540493
515.9685129372565,620.5799764637163,513.1481004486311,532.9271682924979,40,0.9780894619598384
1012.263799776852,629.8125077726374,569.8394431237444,795.7078410083265,206,1.0425619891849356
1052.9568100212828,590.5570512448327,576.2118859222916,91.06758744736716,7,0.9539528215115576
570.2560668232725,603.7341619246936,525.9120551136103,283.78227309467496,70,1.0712157414426189
789.6889113662266,538.1819716733537,522.6386362020545,37.574939434386,114,1.1532505018454529
980.5960783711548,654.020775718746,584.7515456094917,353.5973667388095,63,1.008279661166424
824.7711210969325,665.2637553628889,547.6279118508894,19.32996550644081,47,1.041773192620369
1027.5485095057134,660.2644479576517,556.3591864546444,285.5043547725474,62,1.0322403086815373
991.7329361297454,641.8634945438362,581.5207890608497,1042.296805490866,80,0.9547445670687316
654.1321938573346,524.5074691563526,539.4738027455653,1179.3032709125669,68,0.9434370754553666
1117.8573186189883,588.7093618666577,520.4836122001249,72.81664944139465,124,1.1457812615930174
848.0794707619408,565.2926545054563,522.94696733554,233.30171617116056,91,1.097822238777916
579.2347295846936,591.798751875462,592.7635165717609,572.7506201064452,187,1.0752134683960195
816.4368177061283,597.9147972581546,597.5616283475052,308.0242169078522,58,0.996239203512472
956.250502502779,579.3210198366291,527.938915125641,1016.3050864030132,230,1.0219372244197171
986.4219957677816,603.8855451427164,565.5651284019852,920.4758345686804,219,1.029323523134387
1072.5770644107902,698.8382604346032,530.9653662349247,752.8678074309688,159,1.0463406482719733
1155.521638241209,557.7560459519118,572.7027373032386,1118.450185604487,97,0.9620601258423144
659.6541136887993,586.2917566848837,552.3192579243813,843.7359560513567,91,1.0050751715138324
1009.4533409861588,533.1588274156512,524.5486504118851,760.1488021804379,196,1.052242248337021
610.2364864910547,539.1342191281375,516.661499110331,161.0203676536543,1,0.9987773750718704
1040.040248226906,686.488616280923,539.255315920848,609.2409656984919,96,1.0356244555662513
563.93987336627,656.0522158421556,511.7674177067198,514.7663995239965,233,1.1076034756926143
811.1698869956749,519.918716104044,507.4963655288378,485.00105529444807,115,1.0784758515014363
519.6353071484667,595.4793526801994,587.2584687787518,636.7574343646157,238,1.0749861547422608
1019.33772110105,510.4315362485492,530.0989206988843,787.7664308560062,147,1.0379268097190335
867.5502703106258,696.5546049938655,582.6369880571749,340.7172077624984,186,1.1027228568204843
506.0419245671498,570.1841454055029,516.3561584492988,1181.8708094247645,126,0.9903673237225212
1165.981518499617,594.7661369046291,529.0671560821429,477.7603969018932,205,1.0931637879916416
622.1481657236301,522.4853578436386,541.4773501690878,819.4608069974661,196,1.0522600196879512
605.7305045456098,694.7452662204225,569.4951012973479,419.6695559305935,130,1.0876080973829974
809.6742980514327,616.871002247084,584.2848001866014,404.6478066644916,6,0.9218428318391896
941.6474675287376,619.7431296339914,596.2168714757859,970.3510949441524,203,1.0163040305427002
940.4558149539866,596.0925755657851,559.7711702244965,395.77713767418686,64,1.021909674218612
544.4778780207217,590.3565402540872,587.137757325422,106.39188883942748,93,1.0983638254614945
710.0547784274762,697.4690211153438,551.3775693545349,396.8979488309265,44,0.9842494353416692
955.3400681170256,545.9850566359863,588.7404957234642,1029.4715484958806,53,0.9119796137057736
819.7379294945924,597.539271385655,513.8294802564179,933.6612284473993,25,0.9122141430937972
1148.6171961037548,545.2283343462858,599.6815597374084,243.2922289267639,149,1.0877573908891638
778.6294597675003,695.8517471358343,588.0569070300874,309.2968628767609,87,1.0553796650985796
554.4085766460032,688.8047580820266,500.0020048631662,588.0618407924702,201,1.0927972040618523
989.4818575837008,599.712443599755,535.0489405797962,869.660509053117,115,1.015321215961292
1054.5537858999353,686.8160782084296,506.2176079876483,229.2483121155757,150,1.130470704769632
719.6238092255187,502.1473656026755,589.9497552738354,1089.9483375338975,217,1.0118121977014605
1048.6753332598614,567.4498808122314,505.6211106477562,903.6827130775904,105,1.0075563168053532
1194.343033521835,692.0697319730116,559.5824449616011,335.39664637361176,173,1.1022032426383843
724.8823582981513,577.5015546067203,596.9472378427356,764.65530941509,98,1.0075109944174898
666.4981437200778,529.2261193416762,597.9757678330711,317.1002907029334,56,0.9926289902196848
1185.920539280933,597.7404773947372,551.2804458469066,85.5217741709373,2,0.9727823462904236
797.6440364108347,507.527345540087,589.0840947186499,833.0667584909205,140,1.0243597076268918
586.4603555564452,654.7502780157781,513.3225876252798,606.015163465986,83,1.0395587667489157
911.4274260147716,644.1605787226719,541.0423096063718,289.7844230706745,84,1.0724351426884005
942.4670000706452,623.048847752998,517.7314265366259,994.916358789051,41,0.9156895835867664
845.0970589954368,519.3183569274302,544.5914886887414,574.8353063940942,57,0.99359078572848
1079.5088670436137,523.9525598279686,531.9909822446219,568.0143231866056,202,1.0800362843752451
571.517644929197,555.7805160044946,590.318816434718,586.5569873207367,156,1.0654334885650296
509.1394587579385,586.4558760892036,535.9122663376019,733.6233010883336,71,1.0045438565011775
756.3030569282505,525.1356886923614,524.0117340329774,1216.3575505803,63,0.931191503939946
1009.9218295509744,558.0345373751245,563.4281775197904,1105.8073307379732,157,0.9945906726025108
1067.8447158383078,680.7621080225823,576.6832795223962,113.505007991198,113,1.1078349491572397
1128.3142203347652,524.9648324799151,577.6114474020557,41.25242346966103,169,1.1421827171251315
698.1442378952406,577.977110403908,553.3796892663975,975.3335340616404,31,0.898966940181565
1050.0975631526528,540.8804610851603,551.6650828830398,706.8297343390385,37,0.9253364465723424
1016.4322345325212,676.3487578546318,592.85686003088,968.138969671606,31,0.8709614159299268
573.8322190853369,588.9794494282024,517.9145901683194,387.1127097468861,231,1.1258340256813304
590.6756996924066,670.218094252867,568.1734858897272,591.2008063464147,212,1.0841649273789646
714.6233791137096,643.773798469931,545.2330504242478,710.8257712291361,165,1.0593170915475107
1097.9072891106273,589.4470961283215,593.8943209362756,1130.005128616111,225,0.9979419528278622
603.7403777652411,514.3541518508779,533.3823907440769,798.5598844499596,232,1.0599375000836748
555.9509423625226,542.1753688837632,530.1254413418619,1166.2502618398587,109,0.9832466984815424
1026.7593297293895,564.5644347076513,565.7981055230938,165.31100446485135,57,1.032564032885036
810.2944325142093,514.0952797714882,584.9443102385039,1134.031834711885,38,0.8760456321366135
1132.9137523006193,532.6741146750322,593.4170824941231,73.01662291854726,150,1.1195336457260388
749.1362743743884,662.6883996144871,508.2356341384629,893.9660324677965,169,1.0360425575706576
1035.7040563780515,617.072016138163,507.1169970032545,449.4319962006304,92,1.0633532945341229
734.1223342075043,587.3751915293385,587.9677704037664,1095.2511238261368,152,0.9982491459540492
1159.946140461372,529.4348629583606,525.6216054211059,539.413929588938,72,1.020172683528814
1021.230389196515,650.4876403033602,524.9465779302597,747.1772127244888,8,0.919901729732199
1063.9502068887596,634.1774271565826,564.176169454167,298.86325860230096,226,1.1183674926746017
534.089170915205,615.0166600530896,547.7171118971546,293.33273072464954,103,1.0983203279639595
1076.8856592836205,522.3467046784575,531.2743408898317,672.8425231314004,121,1.0435758476174373
625.3206291859567,557.8618187783871,568.9171203147821,863.9432102722025,137,1.0278036587501134
554.7964671405352,567.9880151699731,573.1522532611664,12.992451308051548,163,1.1633932816216352
518.4179502037497,579.755559593012,587.7603775382995,738.7504757684892,159,1.0494669882025909
1080.9079128344592,672.2055419650376,557.0388588572964,1192.826483733735,236,0.99618876238539
850.1645146484059,625.7601137661884,575.5789760313237,81.44143000824184,109,1.1164772813361663
618.9959598271594,561.1451256668047,550.2892270224919,311.31889878154124,11,0.9624091555454104
677.4737950688109,515.2320401046865,561.7389328659225,601.3809555256383,115,1.052027053898677
1017.2424777580692,549.2601201097646,556.5908276436521,1223.7556638703618,233,0.9938869584046456
842.6703624124264,596.6720164283005,557.336691780757,222.12625425437645,98,1.0955526831263942
799.4269307590507,632.78981146822,567.6207980811321,1218.4880309809653,158,0.9876559363480104
768.8388494899954,558.7312364319087,526.1942306887743,306.5545214317886,93,1.0893714822654197
687.1426625840568,638.0168411190417,521.8209725461626,1078.5113251835096,211,1.0165697364578836
1155.9821711242728,679.0736291926492,534.2703260566876,142.82681067561725,210,1.1505178022842906
656.9929257523518,676.4483576552409,535.4428052761942,908.9034884773876,153,1.03047220877071
1176.333702816019,665.0620601901292,543.0653333876851,177.94810060141145,63,1.053872599029998
958.523922237943,656.8181946987656,508.9448523264217,685.6348510193397,40,0.9501118916754984
683.009655593053,517.3146385929879,549.8279725040355,1112.985056249716,74,0.9561661099256475
565.2056254166991,685.2118816904417,575.358592383687,133.7989587584789,133,1.130784894470202
563.4599136935226,575.4417451400902,592.6934302599032,1123.4356399628346,59,0.9212196331197604
1199.6101727358432,513.3575319110148,511.3254287459988,666.7232070908749,110,1.0392574642974537
808.9632613813367,656.6521902386276,509.157698362507,1064.710702856887,246,1.019671197375149
500.5034219051364,627.9205494843908,505.3878459385788,965.0392283356396,222,1.0410057568450115
788.5776075753404,667.933758565927,598.8375892875672,687.7623339360314,235,1.056757238749445
1088.4078184928494,675.5861850774219,599.7041294297076,436.406253565322,77,1.0085749909225017
783.8039669172236,534.0598830812061,503.6593032620543,1021.7758921553732,36,0.912988269779808
558.2671740539294,604.8003634804732,506.3006912254598,1147.84662010596,151,1.0024913440872756
971.168814482186,511.64657498309583,585.0402354722078,323.8873526463197,53,0.9894927618477404
664.1703794636462,673.5185143444,565.9625240896427,332.0405018597073,107,1.0845238102581582
637.6032043845836,560.2957328241779,555.3750492116972,42.23312999880748,152,1.161253633722273
675.6836416880385,599.9027646940965,589.8263867000699,757.0187392490213,239,1.056520028920096
669.1163563638933,627.1248980289603,584.3007432279493,1025.507793698968,48,0.9104992899126484
668.6469815745247,684.469855898382,546.4720357754976,886.7260956196201,195,1.0403733270103732
990.3984956500224,550.6305028509295,575.0634589799126,597.0347607445649,4,0.9083460765711056
749.795207902953,651.0057600817048,561.0421964953659,629.7384915238246,30,0.9252815184522746
741.7021205881235,585.2284873810436,535.1861802274303,34.537727675709554,69,1.1011112632818008
567.4470911391021,657.4131960265662,566.70241465123,912.318682787958,50,0.93604889989947
647.4052039401706,511.1336966638988,553.9281559820982,57.67579065473419,155,1.1605513834553485
597.5664145097519,681.4258374430918,555.6607361914804,1045.3239777838794,224,1.0261749952413262
1032.0043584950945,586.1744652436639,590.9931067513753,696.2415590807891,32,0.8935424835168811
904.3472984768964,602.6907534252991,578.1007329534348,732.1209972951683,185,1.048589348342721
782.2265273201581,537.6982354430511,589.3487465332997,836.9967329860375,46,0.9170440092109756
1191.322019066134,525.9208942519917,508.6552822451148,889.6524683013196,10,0.9099991149679884
1099.6872230468216,634.3825102833058,580.6195724104946,856.8373137422232,131,1.0126892068958
705.0083882066945,585.6580019527502,505.1315105970566,446.16325078158894,50,1.0091955916653803
759.2999112511077,608.5963888638476,518.4420774339743,1186.554743270183,89,0.9641339091155022
575.8905673339316,621.8711253490707,543.5733278303333,506.8628458602358,232,1.103730208918551
569.6803471084354,629.3143413157175,599.299779849712,511.7727145190904,99,1.0383489684286806
1145.7311700751784,681.1695627701649,581.6811896514997,1081.0361983981395,205,1.003455507945149
504.9043666004847,670.1455613720933,570.6528030274941,548.3656357981016,67,1.0105837449053412
878.7062266548668,662.9329907491051,557.1343422410735,218.0354292773886,11,0.9606791212153608
606.443308961321,572.2812491948305,514.1772687852468,216.3471157681673,129,1.1347536313029585
661.7084152548512,581.8703527704201,575.8512498611632,616.1195855915349,18,0.914031126513298
1131.906944603421,645.9319447574655,509.8456166549622,566.0240384734396,15,0.944306086392149
1180.1948858077626,696.9421967998092,585.5323470221825,438.889951230988,26,0.9140194688394004
1029.984717597321,555.128784464505,518.7428277471,1140.953557783719,225,1.0025783051520247
683.7342217332218,585.0680729184936,541.9432443044491,537.673909505324,75,1.0321596430615734
887.6254172639754,587.7582681400744,526.7115454757441,1186.9544735854945,171,0.993622759903826
682.2606030917568,635.4176960871487,502.8282030648925,720.0430581979768,88,1.0288939345675416
852.4429911474194,524.6094791293693,500.7244494203067,433.4064353331604,88,1.0675266125058738
886.4237026907126,694.1254526111957,543.1132200963832,495.7485014007797,223,1.0961590416883344
585.1156338000982,549.526289735116,532.55074267517,778.6733165577255,215,1.062522795108447
562.4028818597645,666.4459693767516,582.9096956795362,215.2225072837734,75,1.0613831858182228
856.4117241156821,614.7037290724049,512.1580655212093,626.6130779300038,128,1.0618983918988272
870.516993315215,615.3116054383311,554.7209321432352,184.5044437532206,147,1.1294659589895646
548.9872818637058,649.7825109870103,524.3501365915843,663.1160519662255,124,1.0604706224676943
523.5612670256755,689.1230200348084,529.3550356261662,5.697590316835091,66,1.1108461292011511
1151.6050037978598,568.260394291138,591.013534735722,362.5721254746368,116,1.0608366878516866
1157.540147463947,680.2493389958781,598.4834382717378,230.71993369844137,15,0.9142784663845088
1114.5975759135486,537.476955546775,501.1613460504464,1010.426670027153,43,0.9177375819773153
1028.6554214215373,666.6933778507989,535.5117460244875,575.8368720029825,4,0.9340442935921296
849.8184423460141,605.8340858995591,580.4119284018898,252.1576616532708,174,1.114825245517776
816.1378965995713,626.3237160658196,586.9051802370846,0.7757011055844865,245,1.1628500545870273
1135.2673621367346,592.7160313707437,509.6133885823725,357.0408878278716,207,1.1171628299404452
705.9667232422034,673.204729743042,599.5659640919423,667.2581673795116,66,0.974327190652387
745.4978632930279,669.7102405822594,534.6660606382609,1052.7450778090406,126,1.0010283841608152
627.941969057771,560.9309037044185,594.1615870683142,954.877215434562,19,0.8719060766024515
1119.2168396580205,501.9945315944046,503.8364891888736,891.0546854394082,178,1.0307391921110634
879.4659113119872,565.1366406455742,515.5959577827629,843.145721760927,187,1.0427916189028064
1087.5732117078664,618.3391133946545,573.847385326143,472.130801896355,189,1.084184355241496
1011.6819834045818,675.8682756558912,599.8908398970542,652.3835015371568,226,1.0547078834478183
680.5213230872624,598.4885317985502,543.2930171863686,1126.1255934239816,86,0.967710918604327
739.2578804087683,681.8325923706968,568.3009412760013,395.1222616215039,146,1.093886194770042
577.5769725331475,648.0365668247756,520.0833768770348,1202.3708391835237,120,0.9842435421198272
1093.113919593578,620.0779252854272,518.3172791247957,577.0425675001799,178,1.0770665136862116
754.1906751856937,643.1388607017748,517.1948342709157,1077.718128106625,139,1.0014052148602437
1076.7176487134125,546.5367891745624,525.2159713747195,415.9040123309812,92,1.0648224307189114
643.5524509316203,652.3137903295677,581.8524712746287,1114.7043798088605,206,1.011083895630607
1110.4772383242716,538.9924442566573,588.6468211344043,691.0882600249707,34,0.8968497692164943
564.5849319214719,593.1326393864449,508.0114388804828,92.93057991771096,242,1.1848848681059838
855.4053774906233,689.4684179896726,597.8258409743954,805.553400055789,166,1.0286225309970436
786.2173457314161,672.0677266534008,548.2017652449448,125.3258203288126,113,1.1275539588772765
790.7085336894279,682.1487128261242,585.4496213483383,979.096040629893,202,1.021673085041925
868.854698023589,687.8380857235079,521.2574576588385,785.3719098025608,248,1.055496138259558
843.6309812149899,520.4630253113689,512.0233396611723,1152.1753231755129,18,0.8888130169470015
793.5709864963146,562.1950957889791,501.2629106878192,4.512429896773264,121,1.1694836459689617
892.8564014115468,561.6526583640707,530.2289708836744,257.6761548385001,198,1.1358299029243202
1000.067465663868,695.0283384224809,573.5184592353139,995.6211866245516,149,1.0041305774404048
711.9396481909054,583.9761369958222,589.5703583418401,544.5229796623549,234,1.082442880115913
1158.2712844846128,528.5859643990636,584.122928170391,1017.3457686326366,136,0.995002729640994
630.0061638239432,502.2604613549093,583.1046458395864,1168.657522842178,169,0.9985488311864842
699.9521022312878,641.261705461688,571.8163172671299,318.3390667858984,239,1.1234170612972805
761.39857920142,563.2800724849756,570.8218673273562,527.4325600704086,247,1.0904671398304355
738.5273574048451,679.7531316887436,572.6985757783559,1160.3477416023022,222,1.005918035308422
758.9329979663705,658.6416070332577,596.6944107935105,460.1236802106346,179,1.0803494067532626
937.5578956222964,522.6525290267981,507.5421374781803,1072.8037663148186,200,1.011901835547703
616.2966749490472,565.6235493351961,588.5580437448991,481.2169358306975,182,1.086413923477207
709.5087787559382,588.5961513341065,587.0726903979051,602.5035871657034,124,1.048045896634172
559.3970765519879,561.2109287931626,598.1498472162888,848.1214189815134,167,1.033771497742232
512.7334243199344,503.264182569459,511.6689103330358,810.9552137603749,85,1.015279231023356
899.2204553071803,566.8110051942996,529.481137048951,154.1892459430826,138,1.1391758566452734
1088.8532395191028,510.1145836280646,568.007975162981,743.3492343842789,141,1.034719108497764
847.2687085386799,613.9995493932023,526.8125327709809,1018.0766983092996,58,0.944786148994904
501.748591845443,625.9479780993511,559.4302399887634,1146.6057689624058,108,0.9845892895883768
1007.8695657868892,568.1290218702826,574.0217292233597,1013.5344430630128,20,0.873963218393004
692.2218009428535,618.1042078616168,596.0934702782987,170.85916242111347,202,1.1274470042845344
919.56541457271,545.0263655494899,567.830114000485,225.2324657909705,12,0.9506611554754164
643.450250725196,554.7735218264285,583.246420728383,1043.3763086468284,18,0.8730156481413551
767.2930557315217,574.210262046834,577.0230178786813,157.64681492249215,16,0.9548888994265492
529.3651412359038,657.1303107666057,530.6238573118711,482.3998721571252,158,1.099929587260942
1057.941979781151,671.2439586345888,557.542330706477,584.1637924847787,3,0.9192604410509292
994.4775433511552,505.00067773669065,549.3923420540626,359.97210854583943,102,1.0760844543990444
960.5408317952462,574.6030309485034,574.5532468754196,635.3278305826123,82,1.0072456479609937
1002.9767286453972,667.7265546389708,590.5092891160261,403.0486836126503,70,1.0116730249792358
680.6062563610974,640.1814785210116,596.3349259368149,189.58517521472524,195,1.1240130363001042
1120.9728579784223,507.1872950675875,590.0597820896116,513.3959141141241,51,0.9553854676233134
984.6102302828796,684.1172491015202,594.0046438303827,1105.1264861524355,217,1.0024424644016448
801.051237674659,581.5923258963813,541.3702266165628,274.5848498318669,43,0.9996105690955908
796.1446693849166,697.6431102652268,579.6371581711066,768.998567066035,102,1.0133368733257948
871.992156521213,600.8304570382843,504.8965619385788,749.7651518210196,44,0.9534242040670756
842.0800213497878,674.2620226835255,523.0890873287722,1183.346532374159,177,0.9951702403846656
627.074695356178,677.6699819433445,541.1881067744764,89.99112551782557,127,1.1496730826646475
844.0573882603871,527.8770246390986,571.4379268070652,725.8692842395714,94,1.0134326595683658
1155.083316070916,539.3444818738271,554.1142675394702,945.811367195842,184,1.0190959314622705
611.5011398730472,523.5297854460523,578.2152560329853,44.11760470235749,38,0.9933549650387676
794.5914288456074,536.301236987295,572.0665917126926,1233.3134740791077,15,0.8621310224888306
933.7858328305232,541.8605871797982,552.9271928748299,772.4868560541479,70,0.9831012056360592
957.1521640074744,521.1265368931939,511.09777043120897,650.1385890667651,192,1.0712791867101783
1034.806318164634,630.7305150865604,507.0360455863913,990.0045994401204,96,0.9897498741722772
1149.8911052888343,643.4823740780542,558.5003739334386,303.0595245560076,196,1.112136471712991
751.3502629799783,658.2352345019674,533.1615559565705,414.5228726620112,192,1.111749422508166
566.9415449972951,577.0799738940905,511.54189101188,144.9237316223914,1,1.0033829998002917
1142.3289747394388,652.8656703410795,582.0919864953696,1216.901582864714,119,0.9651985566698013
804.1354437134613,509.88452855528567,544.4130365143965,740.8176826569531,172,1.053071546917167
864.0803880087601,527.0451458869761,537.7099177626885,877.7966276136109,101,1.0073490975847128
1097.7598588419755,568.9134321875536,544.8249233345571,663.5814392139605,34,0.9289712764272314
739.503061076409,664.1078961672333,518.206564778601,732.8480346449867,19,0.9315962870057604
930.3334339966606,531.80237384761,511.8906672853873,915.1608199987612,19,0.9107088918108442
834.7286092810554,609.4510374347351,593.3024533374069,987.9880833757755,139,1.0017388627730968
829.1972686898172,598.332850398596,566.8263013130966,525.1299216102178,86,1.0350117836456132
1184.7961402661963,547.9406072476477,537.6385934172881,1093.2003280626366,166,0.9989487230313172
1192.8406359837777,604.3570672660732,513.4873333147021,1083.8214132327098,122,0.9863824270073122
762.9097050279406,663.3768824602132,555.2973962487381,971.193547286078,234,1.0294914299100293
760.2270805706139,670.5078967641394,550.7665253612848,691.8732595824305,95,1.0276808262810255
736.9956449035061,626.965161865169,515.9594183840044,430.9863091598088,168,1.1064634842879943
635.0014540414677,582.3949988123809,508.8790077439025,454.26596645696816,153,1.1022781509640374
716.4648579626845,627.6737188956474,534.0607673794783,354.866878462285,126,1.1029564044034497
874.9874292991308,568.4873700669516,586.6840458889153,847.1685050545306,109,1.0054582791357136
829.9024426760132,631.8658722868919,573.9429988308262,248.44189096314767,44,0.9838155615212748
1078.685658699263,554.5717209481963,558.3728494401789,1214.7417575362458,126,0.9724448661960003
560.9163758964721,564.011897807431,506.8372793625725,253.5432772712217,124,1.129687471401264
675.8801011492444,562.9647391901933,506.07768959267344,296.8773020882874,216,1.1404908257837785
771.7361317739536,552.4068333278212,542.1902480327537,858.44993524437,203,1.0438821868879309
959.7741595751556,570.9131168607568,571.9041330954361,598.1914742649033,149,1.0591147999173771
737.54997230194,646.9412705180548,534.4255039989396,205.24779482680736,212,1.1504293278496662
582.6702548361169,530.2204966288318,517.0704122546965,497.899654635144,211,1.107315850796248
817.8717139947155,652.0140336064795,586.1237187601826,174.940048748238,166,1.1226032692121686
718.9189185270169,683.4697251815919,538.3961651683909,1040.6094856474515,150,1.01196855472247
962.648729627708,504.3371799787337,517.2076088921993,649.2595989485169,181,1.069629366198116
781.7697760201581,526.5386910926555,566.1430654708812,1020.5258614686556,133,1.0035268690210162
770.1256223943071,513.4385003153709,519.7814270185581,202.40528271030445,176,1.1465714517739034
753.707933710318,693.2002574862627,535.669824117618,835.2892080050292,157,1.0392990477792698
1058.7504483490172,670.7078719623346,564.0922403124549,1165.5788451048688,171,0.9906050796377232
630.2364863576087,652.768684848831,566.5642095711464,867.7849207930554,204,1.043363750265866
670.9339155829324,584.0056555726588,598.3581905575211,753.7914147948517,58,0.9481300136515026
1083.1026511512223,625.4958776485867,520.9804457852001,644.4112518734693,80,1.0187597244249629
939.4120488770718,582.1859497493764,507.36573011556834,500.7591201204733,190,1.096984945492334
1187.0252388305216,541.084664202463,504.64368252610586,63.36766208243775,214,1.1731935950411208
800.492567327953,591.1471772422699,514.8594055624371,127.92157780144154,142,1.1522011527137557
642.1886382863898,631.6713502198784,519.1028492097455,876.3045135483626,154,1.0383039720509872
545.7208101311908,582.7789094964055,570.4352256664777,1209.352662295998,212,1.0045549084946084
777.5732528247365,616.5824635476897,558.2865555456899,166.94643529647036,41,0.9989582566138516
502.4069270884694,548.358363704685,536.279239778049,918.770263847617,6,0.9111092871272306
656.4325468845341,679.5758890346755,504.1626460978469,638.5567458628847,176,1.0763347261737342
1122.1833306547228,572.8106715330473,527.058530024806,518.3486210311423,165,1.081675298106506
672.7218497986723,561.554115636094,548.4853457757755,709.657847116599,56,0.9754453966667144
1021.8653058714534,628.7148995628479,574.2382415527858,176.61907845819067,87,1.0756968138721068
837.7739289042759,689.2371757759304,509.9731456007041,851.6244096453167,26,0.9214601623666072
986.679732114436,633.8797447113564,529.877977453333,679.8901277961322,181,1.0631736816598751
1041.9097472573012,635.1769360913132,578.499588478571,473.2774630927484,118,1.0566359253673847
697.8695575677465,682.5615623498253,565.1067183477323,364.8682330853465,48,0.9900920471604556
626.093773614378,518.3379991131612,527.287692085185,250.1635560622632,157,1.1354488942988776
586.9212183462223,653.831869084806,568.7565896223933,382.2772330671372,89,1.0639565601031584
826.4778684194139,658.8765965524597,519.920485478825,741.6327692938695,22,0.928535546132968
1022.893005346099,605.3486358953412,573.3503760545364,341.83038997224986,22,0.9344420006284242
633.4866349030009,613.457004027638,501.53096702055,113.67729896650808,104,1.141824094834206
748.1321425449764,532.3006751403825,598.9266183952444,898.0120129130362,162,1.0203346532069857
985.541575690943,688.4549432858956,563.9312743034549,879.9970689878096,241,1.036726993875623
646.3523947717473,579.1839528584204,550.6468000046098,993.1852834601824,75,0.9721644631523548
551.3485523891312,596.8784244023773,556.1656775130955,1010.0541577440192,69,0.9629434982477152
1111.6102002341752,677.090402294183,589.1485467307482,135.2060705242361,214,1.1279091877063905
1183.7290976330614,682.9703401333138,527.5231890360379,704.5140334860021,137,1.0427781391609536
692.5432788272361,571.7886303000289,562.3673245284953,10.128863515532172,129,1.1518005627523478
584.0996856341538,569.2663337834689,580.9267126522831,589.5446405983101,72,1.0076962891085557
724.4420427143261,581.7224590662032,593.5101019475372,968.7754503208598,97,0.9819402456635988
951.9445711131776,518.5093830358868,535.3635521431233,466.7715510811949,3,0.9466190210619856
669.4291427619411,525.2653329590453,502.697375703744,829.3204913732553,59,0.978591553513094
544.0199148205123,661.3722410902094,557.4986975078388,637.3444085224761,75,1.017317525093183
1032.967064554382,552.7389335479777,502.7960639210457,579.0460803118452,90,1.04217762833903
891.854329062133,649.9527747065404,533.9755950884619,1171.3204047730349,127,0.982317447919328
684.7790503216978,615.6422327835924,529.6755916912836,551.105912914706,137,1.0776925084947229
895.216549650549,583.07622255829,529.9093174893468,398.8187013542205,245,1.1157431038712122
862.4934604374638,553.1393941972508,509.2535315811886,194.35939165854776,24,0.9950263329860592
839.6387487026112,567.0421803711541,552.737514594425,689.2303789527349,178,1.0597744272806522
1117.051074816573,575.7702930800372,500.4275903918633,658.4524104615028,120,1.0484751992370471
912.0813263371364,503.4489000492976,591.8847065673738,703.7942000308063,65,0.9686655227335657
1170.7206832746965,663.0031351076101,516.1883867947904,1006.0122101197604,194,1.01662015407874
727.3908058563127,612.3403257337916,523.8786827243218,619.5628630186517,44,0.9675298655884248
923.966328180934,564.8642187904333,569.1792463384521,1172.471381693269,167,0.99196277016718
1161.932380875633,558.5922667959883,537.9944221422007,91.73224333040116,235,1.1600939172658271
884.269826610072,621.7388441509586,575.7521983456336,349.3383381147834,92,1.061302858878694
635.6389120629599,650.2788106974524,527.348678671011,384.61040188176185,155,1.1135413550990472
703.4247231497866,556.6010666400165,516.0411588710034,1101.6087637055198,160,1.0060462701275985
617.8773206717694,519.7290672312128,528.0851520663207,116.4239287201031,42,1.0295623283160973
1129.825308973598,641.1159302140684,510.3787448348734,982.1103266699532,243,1.0231005994026696
839.3708248798583,572.1541105266616,547.1155032098549,98.976237054216,128,1.1397512238609635
1069.9924419150948,694.9245745777913,548.1375189474711,463.1104562052216,219,1.095854640091785
991.005816935954,635.6699658879542,547.5854795571441,118.52461055235732,123,1.130410199699945
797.4355346946486,528.8460789721568,542.9138250211154,713.5776306753246,2,0.9207566414426406
722.3975088929093,563.9305050025507,502.9714485439031,774.8199435629681,125,1.0405302071947364
1144.65160598252,636.4700226750974,579.8299857417597,976.2948458642496,93,0.9731965856455796
830.9479613688211,580.7009403647647,561.2484382768534,583.7472802035096,92,1.0352862323327818
557.5310415125972,611.3282198258661,528.9984767562345,715.3862471276665,156,1.0626434837006242
1041.2337028685015,640.2917084251424,513.7531931021879,706.0037437289673,184,1.0590501973770003
1172.3048535208763,669.9851169238825,503.343314407324,561.6550051921387,89,1.0417512926788348
598.165744678113,625.2131175763527,533.2791115668178,942.44756636079,65,0.9691587174304956
865.7740178208792,594.118505966044,595.672471397487,617.4119922782668,145,1.04608083829954
615.7059497851176,542.3379107936935,534.3257414759039,14.329354222092052,134,1.1686789694016897
887.8288010681558,563.7663463431388,516.9712127134263,454.91989825345456,39,0.9756894834112942
691.4845217620386,546.8950210983459,572.8538642252338,155.02664517361282,41,0.991957605880729
768.459020739594,624.2895108394684,565.094451538448,116.04421244759148,106,1.1150582253252586
1166.970463119236,655.8275776324085,531.7471587721948,478.7788305083928,199,1.0913451068400202
800.2983407303766,644.3722390021182,533.5019734288192,337.8188013675912,131,1.1053767110417076
1071.4901806478056,635.2741528044987,550.5720532579295,423.8471095533543,55,0.9994032475393017
647.9922674870868,646.7045848510173,537.8792653046213,841.2028928642115,89,1.0100156408647054
1086.234882148622,607.4078971975673,574.4871461274922,218.9353228617677,84,1.066840633065569
1050.6169134897978,551.8835830181401,568.2711674622288,1055.8059661100683,32,0.8790656383144761
965.5560380355548,537.8920539619116,548.5946044545447,479.86184648338434,80,1.036414550247627
736.4650720013324,526.3321510123565,582.1084383975376,595.9634198727446,96,1.029660186006784
1043.5461592705194,612.7007181246206,521.3736350943663,929.8634244640008,64,0.9611932283620912
1152.7223290992565,514.4043476846649,505.9536090222938,141.22508394512343,30,1.0002857914711984
605.3168485225914,566.2368683609931,500.5274055646113,955.934233347514,233,1.0381992777097817
581.2512620375156,569.6023328426777,567.3906266315433,187.12495367018056,28,0.9670413703177
526.7902683779081,698.554832342704,581.1424907195778,790.916426736516,190,1.051072950903055
701.1882356265332,580.3000470593117,545.5550080299945,645.6349190546669,119,1.0527497325877777
539.9039452037575,543.5080094460093,543.4744663947056,238.23689718001896,187,1.1423928815146132
965.247185511112,583.5642555709712,563.6051982643913,329.76818507532494,129,1.0913468286300942
821.9485160696731,691.4892534092061,532.6495018419047,906.767577147674,26,0.9085600057145268
920.107836172418,624.1884829433585,596.7028401945613,607.8349771920998,189,1.0580413370766342
780.6207544512944,601.0419399594559,552.1795938956842,16.57834497055102,7,0.989267858805058
1075.1540830823178,699.2646894890346,578.3438701204587,186.41221095513228,94,1.0800107154085408
891.0565442820889,677.9493638553246,553.800440763837,593.221967829102,209,1.078548338990064
993.991197577418,662.123772371222,516.8658057241831,327.237699493329,208,1.1241869830850084
866.6358665920413,565.5049225742116,594.5229291188659,1043.702204048527,110,0.9811145830875292
638.067599137485,668.0976034422573,564.8607663030926,355.8541992505069,110,1.0859196069876758
589.0568365483892,533.5158541815457,542.7089677093643,1159.6210912915694,131,0.9911921803479248
550.6823646849009,545.4511697530012,577.4721676216814,1197.9144276672378,79,0.9503066812087048
1106.5559115589676,526.0690990068898,578.8546038690009,468.9026198300186,200,1.082161114459772
1031.522285381386,660.0788408121788,560.7985926926507,449.74163534700347,115,1.0655087937236365
934.5245716218594,605.637389438802,576.9280917661,866.3881343921684,218,1.035928113453854
791.6723182310511,647.5742726781573,533.8585291870537,131.02410814636934,112,1.1305693343028351
530.4766574338033,606.9138006032571,535.7486722666041,1142.4620708283262,52,0.9244800450475265
992.9381068189604,668.3169179029669,532.4792429045075,1073.2499563715407,72,0.9543130870719714
960.751358325432,566.4536139412442,534.1786333624876,1050.4718423153972,138,0.9990556588176897
895.6530606429753,687.5661442749333,548.8205023873079,556.8434391729227,64,1.005347989217286
845.74292312629,535.2382219151771,542.5904081291386,981.7517830563896,82,0.978170362416524
747.0546610281452,551.0806663547478,539.818914092471,693.2415211897693,14,0.9250152646584412
599.9025436263622,657.7191270256242,535.8126527766049,60.11604477344612,227,1.180505236672734
1119.5019925676677,622.377490387882,518.9003322894094,699.7893929152829,12,0.925891755723034
574.9558671125676,662.2329514648773,570.9875941932819,493.0622791003992,118,1.0699493120491808
511.525347782458,679.9380056971223,581.9356477647639,1068.0515310065175,87,0.9719598654844068
665.6397678334602,567.6386920485196,506.5386525625441,599.874897794441,16,0.9516650596107986
652.3824267507849,659.5577489164701,592.2829761578278,1088.2877918850204,205,1.0117950584510542
674.7851924149822,693.5136596020986,550.3567249586833,475.4827781454649,125,1.0792660106974172
814.4540467914655,573.6056547747476,549.2759556019869,181.86521081379124,28,0.9768689597568112
757.3021428955585,534.3160837822289,550.0033953252113,206.67007739883812,247,1.1468585337802732
828.4485160333176,540.4084161810669,573.4278133663056,474.5174285383761,112,1.061715973231554
556.4808152958939,668.4913548578489,589.6734621562898,77.28894908962312,162,1.1428844465518595
798.5053859092095,683.7480588288026,515.8723934842733,1191.6908210345655,17,0.8859682174609917
1055.5337762809909,606.5006715223412,588.3140050096376,504.7716745423989,16,0.9051952699890212
713.506992381724,614.4820614830121,510.7631995558495,393.77866096616566,50,1.016069109022999
786.9265054235653,574.0501787737211,562.7098622008209,336.2086461667862,65,1.03236929646695
815.6843224588333,647.8103846051649,521.6966343981878,531.2219548465766,231,1.0957706530453075
704.1094257498418,512.865019177097,591.7843777009297,719.364068312396,84,0.9991852587163832
725.773200966052,502.8570551950391,522.5342610371113,499.4969658679117,33,0.9610161995023608
595.8181893570915,614.3611864280655,503.4543938841913,231.69470660164916,48,1.03798418818789
1170.463819322325,571.8750935446122,529.781165783888,1047.4162449662017,142,0.9993267498871256
948.098351943833,622.6655657561961,536.9420365913971,776.4901214681535,80,0.9994439226150408
1068.6321554239894,559.891433771886,508.7834555697011,817.3643105882586,190,1.0424679178215766
548.2268650700122,527.7987823699519,586.4718027050976,287.7750203792505,186,1.1199808844515924
690.7644353855962,546.3369919884298,539.6218665467619,299.3762612931022,17,0.968306167357868
933.1509152295014,544.8485456807989,597.6795601920774,1058.8871438411477,243,1.0097277915434633
931.457895033316,638.3402048405168,500.2348665013074,587.2488305250532,14,0.9484178646966444
1109.079763728625,526.6359904987005,589.4950678268672,264.36590011748063,98,1.0639613048487062
837.3135424137567,575.9220695108071,596.8401717866575,104.40806102221622,5,0.9339347384102828
860.5762363754443,612.0941025034275,511.947641371988,820.2898650297402,85,1.0047250621004575
649.5915243985746,684.8195852023008,579.5236149690544,166.46035781571544,13,0.9526539619148444
728.4669887359998,694.545858717939,569.260572129555,1060.7836864981723,105,0.9851555835141206
601.8765990073264,645.104592902163,558.1641083011011,941.0793805401078,186,1.0348692508788302
546.4463479240856,616.2028843561732,536.6711548036117,1064.1783536064886,195,1.0210509337310814
999.6815714090257,542.9015235674223,539.7041184330691,550.1409616760061,77,1.0264110769716708
838.382591301722,590.6365560786862,501.96085348444126,32.550714217395914,46,1.0603239401311666
894.416945331731,583.7649541195063,558.9579360448823,272.1138926834351,52,1.012382902635859
592.6472068432531,616.7895036347376,560.6753352026251,791.8319194918333,1,0.9087239600528038
542.1404365591627,548.5683669193752,593.6660741443815,54.66940884369003,166,1.1448711028440606
775.1405179074305,504.86120428363085,520.2065094225364,129.9319781067591,231,1.169199491626515
916.9575759371892,608.7991229380054,561.4161399665772,681.5838406553396,214,1.0645652244523376
655.6452723865325,661.6561956362261,567.2363401327531,747.9913624979096,140,1.0453139950440562
833.0699082730143,500.8363411772235,507.67428411797135,852.5831226160885,172,1.0414245071092465
1025.2366656714366,699.1312396827298,561.18670355379,377.6235748499341,141,1.0893751191369905
968.6261273450008,648.3252860295463,549.9906933256451,749.4067357768174,207,1.0536437979984985
578.8572871466159,580.1935488010507,588.2847193739954,948.9423754047016,242,1.033832150896012
581.9658383387924,514.7352457313937,589.757089338096,424.9119812408748,244,1.1029381630852904
807.9024355614406,554.0314554266695,579.0008332606639,947.0745911489468,182,1.022634609981517
906.8761118154116,578.2220085800097,540.8292313207937,261.2517660999345,146,1.120421181916721
966.6487391767996,559.2799984300387,510.8232370323234,823.1441939641375,107,1.0179158570947866
997.2206733016924,569.872844417565,580.2431557519234,1208.9443387283857,100,0.9566600531036596
995.324065182048,654.4570805709952,544.7629862821451,612.9808852012163,11,0.9241688242787496
970.0666231203166,612.5763129751695,515.0949043629331,1074.4815859729122,208,1.0100175028197915
1064.3286751950632,623.8436207038517,525.7199686016974,950.231341656565,49,0.9305464407823144
1195.0366218871732,550.2589096865565,595.848725269971,1007.1463923093744,142,0.9920013706031732
903.0129255432316,694.2265218052776,599.3875319926517,334.6667019359313,188,1.0921923558652515
761.8325303568358,677.5489715104858,509.41452940163936,1071.6921003855443,155,1.0080525500374031
906.2025832493288,605.0840945118302,596.4625391588303,489.2175936056038,116,1.0469940556090795
1160.6888263669016,528.027385272411,586.8819680005137,1205.5177901189486,234,0.9903951241361506
619.097724859107,618.6577346939395,595.1803446325979,914.3107301453446,112,1.0039789201305922
1126.5136873754414,698.6751415754313,526.6545693918819,862.1982283889026,54,0.9503470789163976
566.3303625069631,624.6085502594229,544.1677793333591,295.4519902438211,195,1.1348766935198775
1093.9206453065003,632.0774160241382,572.4271862138689,152.95675985751592,27,0.9553401996677856
705.3627888908334,671.077122000062,546.8322129194239,320.655299666851,188,1.1216349649080417
583.9694796379066,661.4444914599896,591.2849778425887,122.08321586375766,203,1.1424005928287062
802.9743263387529,512.2335291507837,521.4430788233037,808.2497433175027,70,0.9899695456878111
1045.4533587764793,607.0868268331014,540.3837892584143,766.7658951715906,38,0.9254352055117884
552.6545815036642,540.1917732789531,595.499431165928,1196.252158903467,185,0.9981710208927984
1025.9786504928838,504.01203573086383,539.1832848348902,563.5264979389681,37,0.9472490222291198
875.230031985956,553.8240675321205,523.7899762249355,641.5319194960117,120,1.05315231210607
946.2884939401998,516.512575312393,580.7194896455024,990.56952217468,239,1.0225499698298894
835.8936828907325,630.8143443943657,518.5826734126637,279.9152505394283,201,1.1361696004712882
956.4317603182196,575.3992461007305,508.414797753858,735.2678034507586,74,1.0042375978733402
1107.2873047480125,682.6401302656998,575.9426840093815,1188.441313239675,191,0.9895490588427616
517.8894637744183,601.8391235023428,547.3406050908186,1054.260496772921,54,0.9350555047306192
1118.1669943244087,661.0164991028123,556.8595659458306,1193.6675220222744,159,0.98435874286845
953.0108330296604,600.6478872001063,597.2216949601657,627.5909929205718,130,1.0356967041215914
747.3801280505438,685.1775039701351,546.6289191491978,457.93825663536114,29,0.9491677680250512
805.6342802461098,644.6769284808022,562.8795219896734,1097.3445996154749,180,1.0062563389613468
